Id;Namn;Latitud;Longitud;Höjd (m);Aktiv
157010;Abborrberg;65.4833;16.6;550;Nej
62570;Abild;56.9512;12.7909;145;Nej
188800;Abisko;68.3557;18.8206;388;Ja
188790;Abisko Aut;68.3555;18.8211;388;Nej
158990;Abraur;65.9857;18.9195;368.079;Ja
158820;Adak D;65.3816;18.6164;412.169;Ja
97280;Adelsö A;59.3579;17.5213;5.612;Ja
92480;Adolfsfors;59.8;12.2333;125;Nej
117330;Agö;61.55;17.4666;20;Nej
178740;Aktse;67.1498;18.3061;530;Nej
72560;Alingsås D;57.8939;12.5472;72.054;Ja
180790;Allavaara;67.2594;20.1205;480;Nej
75040;Allgunnen;57.0666;15.9681;115;Nej
99090;Almagrundet A;59.1547;19.1298;3;Nej
134590;Almdalen;63.9967;14.6701;615;Ja
98560;Almunge;59.9334;18.0446;18.689;Nej
53640;Alnarp;55.65;13.0833;10;Nej
53390;Alnarp Fruktavdelning;55.6571;13.0923;10;Nej
93720;Alstrum;59.4833;13.6;70;Nej
178790;Aluokta;67.3094;18.9011;385;Nej
82000;Alvhem;58.0067;12.1454;5;Nej
73250;Ambjörnarp;57.4166;13.2833;220;Nej
156990;Ammarnäs D;65.9621;16.2184;420;Nej
103220;Andersviksberg;60.3694;13.8749;420;Nej
74730;Aneboda I;57.1166;14.5666;188;Nej
74510;Aneby;57.8232;14.8913;240;Nej
76410;Ankarsrum D;57.6784;16.193;96.501;Ja
144530;Ankarvattnet D;64.8779;14.2293;460;Ja
95230;Arboga;59.3833;15.8333;50;Nej
167710;Arjeplog A;66.0513;17.8396;430.839;Ja
158980;Arjeplog-Myrheden D;65.9785;18.2211;450.325;Ja
97390;Arlanda;59.66;17.9208;26;Nej
159880;Arvidsjaur A;65.5941;19.2642;382.45;Ja
92400;Arvika;59.6658;12.591;77;Nej
92410;Arvika A;59.6743;12.6354;65.758;Ja
75280;Arvingetorp;57.4496;15.0344;210;Nej
97630;Aske;59.6166;17.65;15;Nej
95100;Asker D;59.1593;15.4633;37.648;Ja
84660;Askersund;58.88;14.9;100;Nej
75480;Askeryd;57.8055;14.9925;250;Nej
72620;Askim D;57.6284;11.9618;88.33;Ja
87600;Aspa D;58.9277;17.1047;26.636;Ja
137220;Aspeå;63.3994;17.4911;255.8;Ja
94370;Asphyttan;59.6112;14.1859;130;Nej
78480;Austers D;57.81;18.63;29.205;Ja
145500;Avasjö-Borgafjäll D;64.834;15.0748;535.286;Ja
106070;Avesta;60.1413;16.1715;99.043;Ja
73270;Axelfors;57.45;13.1;150;Nej
105550;Backa;60.923;15.1145;230;Nej
117710;Backarna;61.5666;16.3;185;Nej
136490;Backe D;63.8137;16.4038;214.569;Ja
63550;Bakarebo D;56.9029;13.696;145;Ja
132420;Baksjönäset;63.7062;12.6526;425;Nej
166840;Ballastviken;66.49;16.5346;470;Nej
139570;Balsjö D;63.9206;19.0703;200;Ja
62220;Baramossa;56.3823;12.9855;196.703;Ja
97260;Barkarby;59.4166;17.8833;17;Nej
62180;Barkåkra;56.29;12.8463;20;Nej
156230;Bastansjö D;65.3817;16.197;499.583;Ja
82540;Bastorp;58.904;12.038;150;Nej
98410;Beateberg;59.6576;18.4206;40;Nej
53190;Beddingestrand;55.3594;13.4286;5.04;Ja
92040;Bengtsfors;59.025;12.2401;120;Ja
74080;Berg;57.121;14.6931;250;Ja
98610;Berga;59.0833;18.1166;15;Nej
97130;Bergaholm;59.2291;17.7164;30;Nej
189740;Bergfors;68.15;19.8;480;Nej
158900;Bergnäsudden;65.6666;18.15;420;Nej
117570;Bergsjö;61.9488;17.0669;55;Ja
116160;Bergvik;61.2602;16.835;50;Nej
86160;Bersbo;58.2635;16.0417;100;Nej
155950;Biellojaure;65.7992;15.7208;600;Nej
82590;Billingsfors;58.9884;12.2589;85;Nej
62240;Bingsgärde;56.4;12.9666;202;Nej
136020;Bispgården;63.0246;16.6336;168.062;Ja
106080;Bjurfors;60.1316;16.1282;125;Nej
139560;Bjurholm;63.9329;19.22;178;Nej
105470;Bjursås;60.7438;15.4625;227;Ja
105460;Bjursås-Sågsbo;60.7746;15.3844;400;Nej
116650;Bjuråker;61.85;16.5833;66;Nej
151290;Bjuröklubb;64.4806;21.5787;36;Nej
151280;Bjuröklubb A;64.4799;21.5754;35.41;Ja
62050;Bjuv D;56.0958;12.8862;15;Nej
62730;Bjärbolund;56.1833;12.7666;7;Nej
66440;Bjärby D;56.7126;16.708;7;Ja
85160;Bjärka-Säby;58.2662;15.7431;100;Nej
63180;Bjärnum D;56.2908;13.7436;79.897;Ja
53650;Björka;55.7;13.6333;32;Nej
155920;Björkbacken;65.7456;15.5515;515;Nej
142030;Björkede;64.0432;12.9414;451;Nej
163980;Björkfors;65.9333;23.4666;10;Nej
163680;Björkfors;65.9166;23.4666;10;Nej
188680;Björkliden;68.38;18.68;360;Nej
107040;Björklinge D;60.0399;17.5587;29.693;Ja
178820;Björkudden;67.3956;18.7156;376;Ja
155850;Björkvik;65.4987;15.5589;435;Nej
86500;Björkvik D;58.82;16.4963;31.088;Ja
107620;Björn;60.6333;17.9833;4;Nej
83640;Björnegården;58.5166;13.0666;75;Nej
122020;Björnliden;62.0444;12.3953;750;Nej
53380;Björnstorp;55.6254;13.4122;45;Nej
126020;Björsarv;62.031;16.2995;150;Nej
156780;Blaiken D;65.2506;16.8563;399.629;Ja
155710;Blaikliden;65.0464;15.7486;520;Nej
75140;Blankaström;57.2166;15.9166;80;Nej
157800;Blattnicksele;65.3371;17.4606;370;Nej
92170;Blomskog;59.2891;12.0542;110;Nej
92130;Blomskog A;59.2213;12.0754;169.645;Ja
62720;Boarp;56.3333;12.9333;90;Nej
117640;Boda;61.5833;17;40;Nej
161940;Boden;65.8113;21.686;16;Nej
102040;Bogen;60.0591;12.5558;245;Nej
98240;Bogesund;59.4084;18.2314;22;Nej
155900;Boksjö;65.6772;15.8245;475;Nej
72400;Bollebygd;57.6381;12.633;130.32;Ja
54300;Bollerup;55.4926;14.0395;57.568;Ja
116730;Bollnäs;61.35;16.4166;55;Nej
116250;Bollnäs D;61.4172;16.3731;113.776;Ja
63490;Bolmen;56.8145;13.7003;160;Nej
73020;Bolmsö;57.0152;13.728;160;Nej
135090;Bomsund;63.1506;15.7568;220;Nej
73340;Bondstorp D;57.5892;13.9285;295;Nej
66530;Borgholm;56.8833;16.6666;5;Nej
83170;Borgunda;58.288;13.7995;181;Nej
135260;Borgvattnet D;63.4229;15.8251;386.316;Ja
92210;Borgviksbruk;59.3534;12.9623;55;Nej
105440;Borgärdet;60.7344;15.9083;140;Nej
105280;Borlänge Aut;60.4889;15.4324;140;Nej
105310;Borlänge D;60.492;15.4274;145;Ja
105260;Borlänge Flygplats;60.4294;15.5081;152;Nej
72450;Borås;57.7611;12.9493;135;Ja
74710;Botorp;57.9833;14.75;185;Nej
73350;Bottnaryd;57.7416;13.8968;244;Ja
133410;Bottnen;63.6769;13.3699;400;Ja
85120;Boxholm D;58.2048;15.0215;160;Nej
53420;Brandstad;55.6833;13.7333;95;Nej
113040;Branäs;61.0665;13.4844;480;Nej
138270;Bredbyn D;63.46;18.0673;81.398;Ja
140560;Brednoret D;63.929;20.7805;15;Nej
76310;Bredshult;57.5249;16.2768;60;Nej
91130;Bredviken;59.2184;11.9858;100;Nej
65170;Bredåkra D;56.2523;15.2548;40;Nej
64070;Bromölla;56.0641;14.4755;5.574;Ja
106040;Brovallen;60.0989;16.3026;100.154;Ja
122390;Bruksvallarna;62.6421;12.4192;700;Nej
63420;Brunnshult;56.7119;13.1626;165;Nej
92370;Brunsberg;59.6166;12.9833;70;Nej
127130;Brämön A;62.2198;17.739;18.13;Ja
150200;Brände;64.334;20.9608;60;Ja
133400;Bränna;63.6691;13.5494;430;Nej
161930;Brännberg D;65.7927;21.2555;92.722;Ja
149390;Brännforssund;64.6517;19.3708;225;Ja
82640;Brålanda;58.5666;12.3666;65;Nej
54410;Brösarp D;55.7201;14.1025;49.568;Ja
157870;Buresjön A;65.558;17.8554;394.05;Ja
78130;Burs D;57.2265;18.5617;24.5;Nej
78240;Buttle;57.4034;18.5297;45;Nej
150040;Bygdeå;64.055;20.8763;18;Nej
150210;Bygdsiljum D;64.3681;20.4841;150;Ja
151570;Byske;64.95;21.2166;15;Nej
161700;Byske-Vitsjön D;65.0143;21.2468;30;Nej
64050;Bäckaskog;56.0483;14.3384;12;Nej
94610;Bäckatorp;59.1333;14.65;95;Nej
82490;Bäckefors;58.8044;12.1554;149.614;Ja
84620;Bällefors;58.5833;14.1166;90;Nej
148370;Bäverträsk;64.6168;18.3349;351.276;Ja
86170;Båtvik;58.2699;16.079;80;Nej
75610;Böksholm;57.0833;15;190;Nej
136610;Bölestrand;63.1333;16.15;220;Nej
53310;Börringe Kloster;55.5061;13.3293;55;Nej
86220;Börrum D;58.3522;16.6217;16.196;Ja
123450;Börtnan;62.729;13.9111;455;Nej
123460;Börtnan A;62.7548;13.8427;467.246;Ja
92530;Charlottenberg;59.8892;12.3005;139.348;Ja
94390;Daglösen A;59.6612;14.1803;133.077;Ja
156740;Dajkanvik;65.1444;16.3;430;Nej
134420;Dal;63.697;14.1314;480;Nej
104320;Dala-Järna D;60.5558;14.3624;236.63;Ja
98090;Dalarö D;59.1339;18.4111;16.304;Ja
133620;Dalen;63.3166;13.0666;480;Nej
94570;Dalkarlsjöhyttan;59.95;14.1333;340;Nej
73430;Dalsjöfors;57.722;13.1238;257;Nej
73400;Dalstorp;57.6043;13.5119;194;Ja
115040;Dalstuga;61.0666;15.7;240;Nej
156850;Danasjö;65.5374;16.5393;652;Nej
85080;Danielshammar;58.1333;15.25;170;Nej
107120;Dannemora;60.2026;17.9049;41;Nej
85060;Danskebo;58.106;15.2511;175;Nej
54480;Degeberga D;55.7965;14.1668;17;Ja
94140;Degerfors D;59.1903;14.3891;100;Ja
94160;Degernäs;59.25;14.4666;100;Nej
138110;Degersjö;63.1902;18.0314;295;Nej
93370;Dejefors;59.6082;13.4776;65;Nej
116480;Delsbo;61.8041;16.5684;51;Ja
116490;Delsbo A;61.8264;16.5385;70.667;Ja
132370;Digernäset D;63.6224;12.9179;414.851;Ja
156770;Dikanäs;65.2337;16.0018;484;Nej
156790;Dikanäs Skansnäs;65.3235;16.0353;525;Nej
81320;Dingle;58.5289;11.5724;20;Nej
91370;Djurskog;59.6072;11.9321;280;Nej
84200;Djursätra;58.3286;14.0637;125;Ja
105330;Djurås D;60.5581;15.1182;165;Nej
98190;Djurö D;59.3077;18.693;4.575;Ja
105640;Domnarvet;60.5;15.45;128;Nej
75120;Drageryd;57.2001;15.9666;77;Nej
123060;Dravagen A;62.0936;13.6086;566.642;Ja
97590;Drälinge;59.9923;17.5736;30;Nej
73010;Dungen;57.0166;13.7333;150;Nej
96120;Dunker;59.1469;16.8536;35;Nej
132240;Duved;63.3948;12.9416;400;Nej
105570;Dådran;60.9402;15.5474;215;Nej
124480;Dödre;62.7923;14.687;350;Ja
116240;Dönje;61.395;16.4145;85;Nej
81550;Ed D;58.9092;11.7698;163.82;Ja
103050;Edebäck;60.0666;13.55;155;Nej
132590;Edevik;63.9812;12.8709;425;Ja
115230;Edsbyn;61.3784;15.8352;161;Nej
115220;Edsbyn A;61.3607;15.7144;183.648;Ja
136240;Edsele;63.4047;16.55;165;Nej
62510;Eftra D;56.8584;12.6452;45.525;Ja
63720;Egernahult;56.6166;13.3833;150;Nej
107440;Eggegrund A;60.7298;17.5584;3.731;Ja
85720;Ekeby;58.9333;15.9333;57;Nej
64330;Ekefors;56.5546;14.7571;145;Nej
66470;Ekerum;56.7849;16.5812;40;Nej
84080;Eket;58.1131;14.076;275;Nej
96140;Eklången;59.2361;16.7462;35;Nej
149300;Ekorrträsk;64.5021;19.0514;220;Nej
74400;Eksjö;57.669;14.9832;211;Nej
65360;Emmaboda D;56.5977;15.5347;130;Ja
97380;Enköping;59.6406;17.0655;14.314;Ja
82380;Erikstad;58.602;12.4447;65;Nej
85230;Erikstad Ö;58.3833;15.8166;70;Nej
65260;Eringsboda D;56.4478;15.3522;120.199;Ja
96230;Eskilstuna;59.3867;16.4647;8;Ja
96190;Eskilstuna A;59.3821;16.4526;12.577;Ja
181970;Esrange;67.8911;21.0846;328;Ja
113080;Evertsberg;61.134;13.9663;430;Nej
72120;Fagered;57.1978;12.8129;100;Nej
160800;Fagerheden;65.3373;20.9026;220;Nej
75090;Fagerhult D;57.0806;15.679;175.458;Ja
105000;Fagersta;60.0023;15.8045;100;Nej
107330;Fagerviken;60.542;17.7478;5;Nej
86090;Falerum;58.1425;16.2102;80;Nej
62520;Falkenberg;56.8994;12.4798;5;Nej
83090;Falköping-Valtorp D;58.2363;13.6332;166;Ja
85090;Fallvik D;58.1296;15.8608;140;Nej
52230;Falsterbo;55.3836;12.8203;5;Ja
52240;Falsterbo A;55.3837;12.8166;1.575;Ja
76610;Falsterbo Skola;57.65;16.37;45;Nej
105370;Falun-Lugnet;60.619;15.6603;140;Ja
98620;Farsta;59.3165;18.3664;6;Nej
155740;Fatmomakke;65.0915;15.132;580;Nej
95320;Fellingsbro-Finnåker;59.5345;15.5857;51;Nej
63540;Femsjö;56.89;13.3778;177;Nej
94430;Filipstad;59.7166;14.1666;141;Nej
107140;Film A;60.2358;17.9043;33.381;Ja
107130;Films Kyrkby D;60.2357;17.9072;39;Nej
115030;Finnbacka D;61.0566;15.5777;431;Ja
125020;Finneby;62.0424;15.4655;259;Nej
118610;Finngrundets Fyrskepp;61.0666;18.6833;5;Nej
85430;Finspång;58.7017;15.779;51;Ja
144260;Fiskåvattnet;64.4367;14.7175;375;Nej
94110;Fjugesta D;59.1829;14.8557;75;Nej
73550;Fjälla;57.9166;13.0833;260;Nej
122360;Fjällnäs;62.5772;12.2223;780;Nej
156880;Fjällsjönäs;65.6229;16.6157;414.943;Ja
146250;Fjälltuna D;64.4181;16.4191;485;Nej
96460;Fjärdhundra D;59.7666;16.9166;30;Nej
74420;Flahult;57.6898;14.1455;224;Nej
148150;Flakaträsk;64.2539;18.5184;400;Nej
104360;Flatån;60.6;14.4333;245;Nej
96020;Flen;59.0502;16.6048;30;Nej
96040;Floda A;59.0558;16.3944;31.337;Ja
112510;Flötningen;61.8408;12.2944;670;Nej
106100;Folkärna;60.169;16.3125;68;Nej
106640;Forsbacka;60.6166;16.9166;65;Nej
137080;Forse;63.1461;17.0223;125.604;Ja
74430;Forserum;57.7038;14.4685;275;Nej
93580;Forshult;59.957;13.5298;110;Nej
75710;Forsnäs;57.85;15.2166;190;Nej
136310;Forsnäset;63.5215;16.6774;200;Nej
122010;Foskros;62.0016;12.6708;545;Nej
72210;Fotskäl D;57.4382;12.4135;135;Ja
126060;Franshammar;62.1;16.67;122;Nej
148050;Fredrika;64.0763;18.419;300;Nej
148040;Fredrika A;64.0744;18.3619;327.684;Ja
104090;Fredriksberg;60.1417;14.3909;304.749;Nej
65180;Fridlevstad D;56.2596;15.5362;50;Ja
53550;Friggestad;55.9032;13.9336;150;Nej
144220;Frostviken D;64.3854;14.314;331.936;Ja
93320;Frykfors;59.5307;13.2566;65;Nej
106300;Främlingshem;60.4993;16.9409;75;Nej
96010;Frändesta;59.0105;16.8801;22.432;Ja
126630;Fränsta;62.5;16.1833;110;Nej
126300;Fränsta II;62.5165;16.2084;110;Nej
63530;Fröslida;56.8666;13.0666;70;Nej
134110;Frösön;63.1974;14.4863;376;Ja
134130;Frösön D;63.1947;14.4898;375;Nej
97550;Frötuna;59.9077;17.8611;15;Nej
151550;Furuögrund;64.9112;21.2263;10;Nej
73390;Fägerhult;57.6468;13.2369;170;Nej
84390;Fägre D;58.6439;14.0632;87.92;Ja
160740;Fällfors;65.1317;20.7891;195;Nej
144240;Fågelberget D;64.3892;14.5262;312.749;Ja
72640;Fågelnäs;57.7666;12.4166;110;Nej
114480;Fågelsjö D;61.7984;14.6477;410;Ja
79580;Fårö D;57.9548;19.2459;4;Nej
79520;Fårösund;57.8666;19.05;20;Nej
78550;Fårösund Ar A;57.9165;18.9533;12.756;Ja
134410;Föllinge A;63.6761;14.6048;361.8;Ja
134460;Föllinge-Vägskälet;63.7606;14.4323;475;Nej
115500;Föne D;61.8359;15.8741;181.01;Ja
76010;Föra;57.0107;16.8816;4;Nej
94410;Gammalkroppa;59.6833;14.3166;200;Nej
64090;Gammalstorp;56.1118;14.6218;15;Nej
157790;Gargnäs D;65.3251;17.9464;300.661;Ja
82030;Garn;58.0492;12.1563;15;Nej
125580;Gastsjön;62.9595;15.8545;330;Nej
82110;Gendalen;58.1582;12.6448;87.63;Ja
63340;Genevad;56.5684;13.0338;20;Nej
104540;Gesunda D;60.8872;14.5431;184.668;Ja
76340;Getterum;57.5691;16.2849;80;Nej
155800;Gielas;65.3272;15.0677;570;Nej
155790;Gielas A;65.3269;15.0645;578.328;Ja
63010;Gillastig;56.0148;13.2311;149.194;Ja
98060;Gillinge D;59.1112;18.6545;5;Nej
73170;Gislaved;57.2847;13.5324;165;Nej
135640;Gisselås;63.7;15.3666;320;Nej
168760;Gittun;66.3013;18.5504;410;Nej
76420;Gladhammar A;57.7068;16.4526;35.277;Ja
86510;Glindran;58.8425;16.4162;54.997;Ja
62550;Glommen;56.9303;12.3579;6;Nej
159770;Glommersträsk;65.2764;19.6839;394.387;Ja
127040;Gnarp;62.0647;17.2788;70;Nej
97030;Gnesta;59.0958;17.3201;46.903;Ja
85450;Godegård D;58.7557;15.1045;133.639;Ja
78340;Gothem;57.5666;18.7666;10;Nej
89240;Gotska Sandön;58.3928;19.197;12;Nej
89230;Gotska Sandön A;58.3939;19.194;15.911;Ja
127600;Gran;62.0166;17.6333;20;Nej
145710;Granberget;64.3;15.9166;480;Nej
96060;Granhed D;59.1012;16.4349;55.277;Ja
181740;Granhult;67.1218;21.8181;275;Ja
136710;Graninge;63.0666;16.95;205;Nej
75130;Granshult;57.2036;15.0843;315;Nej
147300;Gransjö;64.4947;17.4599;440;Nej
148200;Granträsk D;64.3346;18.3756;455;Nej
163970;Granån;65.9199;23.4267;20;Nej
146010;Granåsen;64.0147;16.807;390;Nej
149150;Granö D;64.2517;19.3127;185;Ja
72330;Grebbeshult;57.5451;12.4614;53.203;Ja
81420;Grebbestad;58.6933;11.2485;10;Nej
94330;Grecksåsar;59.5477;14.8136;227;Nej
135200;Greningen;63.3271;15.4054;390;Nej
72070;Grimeton;57.1481;12.4413;25;Nej
64200;Grimsmåla;56.326;14.8805;90;Nej
97050;Grindsjön;59.0809;17.8617;45;Nej
93200;Grums;59.3493;13.107;67.634;Ja
112170;Grundforsen;61.2797;12.8568;412;Nej
108300;Grundkallen;60.5;18.8666;23;Nej
64120;Grundsjön;56.129;14.586;140;Nej
116050;Gruvberget;61.1031;16.1582;358;Nej
105420;Grycksbo D;60.6907;15.491;160;Nej
85660;Gryt;58.9;15.3666;105;Nej
94420;Grythyttan;59.7113;14.5301;185;Ja
105050;Grängesberg;60.0864;15.0202;280;Nej
84610;Gränna;58.0333;14.4666;130;Nej
92560;Gräsmark;59.9339;12.8992;165;Nej
82200;Grästorp;58.3355;12.6765;55;Nej
93310;Gräsås D;59.5267;13.9365;111.815;Ja
105360;Gråda Kraftverk;60.6046;15.0146;155;Nej
95380;Grönbo;59.6396;15.418;85;Nej
150440;Grönliden;64.7301;20.1927;300;Ja
122610;Grövelsjön;62.0991;12.3153;815;Nej
145130;Gubbhögen A;64.2172;15.5529;310.221;Ja
65630;Gullaboås;56.4333;15.8833;65;Nej
65530;Gullaskruv;56.874;15.6841;175;Nej
75490;Gullringen;57.812;15.6662;165;Nej
84590;Gullspång;58.9863;14.1101;78;Ja
137490;Gulsele;63.8159;17.1282;260;Nej
147570;Gunnarn;65.0099;17.7014;280;Nej
147560;Gunnarn A;65.0094;17.6993;275.491;Ja
76430;Gunnebo;57.7166;16.5333;18;Nej
81590;Gunnesbyn;58.9765;11.6951;145;Nej
98180;Gustavsberg;59.3226;18.3725;10;Nej
103090;Gustavsfors;60.1514;13.7975;190;Ja
103100;Gustavsfors A;60.1533;13.799;187.153;Ja
125490;Gustavsnäs D;62.8108;15.9333;300;Nej
86260;Gustorp D;58.4244;16.1311;64.718;Ja
64220;Gyngamåla;56.3463;14.8219;110;Nej
106170;Gysinge;60.2836;16.8857;63;Nej
144300;Gäddede;64.5037;14.1596;328;Nej
144310;Gäddede A;64.5044;14.2207;553.025;Ja
180760;Gällivare A;67.1407;20.6413;358.975;Ja
180740;Gällivare Flygplats;67.1358;20.8144;312;Nej
171850;Gällivare-Flakaberg;66.5189;21.9092;240;Nej
106720;Gärdsjö;60.9333;15.2333;200;Nej
54650;Gärsnäs;55.55;14.1833;45;Nej
106360;Gästrike-Hammarby D;60.5648;16.586;65;Ja
107400;Gävle;60.6537;17.1693;16;Nej
107420;Gävle A;60.7161;17.1607;16.125;Ja
107410;Gävle-Lexe;60.6812;17.098;25;Nej
107430;Gävle-Åbyggeby;60.7285;17.1132;35;Ja
127480;Gåltjärn;62.7949;17.5502;269.122;Ja
72010;Gångarebo;57.0153;12.916;190;Nej
84520;Gårdsjö A;58.8768;14.3875;210.675;Ja
105400;Gårdvik;60.7216;15.8119;190;Nej
135420;Gåxsjö D;63.6734;15.1041;315;Nej
74350;Gödeberg;57.5666;14.6333;350;Nej
112360;Gördalen D;61.5951;12.5003;620;Ja
83370;Gössäter;58.6166;13.4666;60;Nej
71420;Göteborg A;57.7156;11.9924;3.038;Ja
74550;Habo;57.9097;14.0833;175;Nej
72280;Haby;57.4666;12.65;60;Nej
97350;Hacksta;59.5538;17.0505;16.253;Ja
85550;Haddebo;58.9166;15.3666;120;Nej
74180;Hagshults Flygplats;57.288;14.1297;169;Nej
171970;Hakkas;66.9178;21.5757;270;Nej
54430;Hallamölla;55.7082;14.0106;90;Nej
62260;Hallands Väderö A;56.4496;12.5453;9.172;Ja
134120;Hallen;63.1776;14.0918;330;Nej
135460;Hallhåxåsen A;63.7685;15.3279;375.391;Ja
95040;Hallsberg D;59.0605;15.0848;52;Nej
96390;Hallstaberg;59.6542;16.797;40.781;Ja
135440;Hallviken;63.73;15.5;337;Nej
62400;Halmstad;56.6737;12.9242;24;Ja
62390;Halmstad;56.675;12.9247;25;Nej
62410;Halmstad Flygflottilj;56.6833;12.8333;30;Nej
136060;Hammarstrand D;63.1003;16.3499;178;Nej
93260;Hammarö;59.321;13.5408;62;Ja
54310;Hammenhög;55.5049;14.1589;52;Nej
135350;Hammerdal D;63.5742;15.3714;330.013;Ja
114410;Hamra A;61.6599;14.9918;453.588;Ja
124290;Handsjön D;62.4761;14.7981;291.343;Ja
64020;Hanö A;56.0135;14.8463;58.622;Ja
163960;Haparanda A;65.8237;24.1112;13.243;Ja
163950;Haparanda D;65.8567;24.1118;9.1;Ja
170670;Harads D;66.0794;20.9638;52.357;Ja
161780;Haraholmen;65.2391;21.6317;4;Nej
107080;Harbo;60.1364;17.2382;40;Nej
149010;Harrsele;64.0193;19.5682;115;Nej
180710;Harrträsk;67.0333;20.7;410;Nej
87150;Harstena;58.2502;17.0095;5;Nej
87140;Harstena A;58.2505;17.0106;14;Ja
115710;Hasberget;61.4333;14.85;480;Nej
126070;Hassela D;62.1001;16.7849;150;Nej
62080;Hasslarp;56.1333;12.8166;10;Nej
138360;Hattsjöbäcken D;63.5918;18.9539;170;Ja
63480;Havraryd D;56.7923;13.1384;185;Nej
158830;Hedberg;65.4273;18.8136;440;Nej
123250;Hede;62.4107;13.5184;430;Nej
105160;Hedemora;60.2783;15.9872;115;Nej
81310;Heden;58.5176;11.5234;48.841;Ja
107230;Hedesunda;60.4058;17.0221;65;Ja
123340;Hedeviken;62.4112;13.6748;410;Ja
161650;Hednoret;65.8333;21.55;27;Nej
78420;Hejnum;57.6952;18.6335;53.422;Ja
76570;Hellerö;57.9545;16.6513;11.32933333;Ja
62030;Helsingborg;56.0431;12.6906;5;Nej
62020;Helsingborg 2;56.0397;12.7496;46.027;Ja
62040;Helsingborg A;56.0304;12.7653;43;Ja
155940;Hemavan D;65.821;15.086;482.03;Ja
138400;Hemling;63.6574;18.5318;190;Nej
138390;Hemling A;63.6503;18.5466;182.186;Ja
78140;Hemse;57.2437;18.3788;22.072;Ja
64210;Hemsjö;56.3248;14.7138;80;Nej
125030;Hennan D;62.0313;15.9127;215;Ja
81140;Henån;58.2324;11.6794;10.61;Ja
85210;Herrberga;58.3935;15.2184;90;Nej
83060;Herrljunga D;58.0862;13.0485;116;Ja
78250;Herrvik D;57.422;18.9091;13;Nej
65560;Herråkra;56.9255;15.1688;235;Nej
73230;Hestra D;57.4669;13.6319;220;Ja
73220;Hid D;57.3658;13.0486;140;Ja
106610;Hillersbo;60.0666;16.5833;65;Nej
105390;Hillersboda;60.7074;15.9392;135;Ja
145090;Hillsand;64.1097;15.3142;320.903;Ja
65580;Hinshult;56.9705;15.8733;141.883;Ja
134200;Hissmofors;63.3329;14.4733;285;Nej
84180;Hjo;58.3202;14.3332;90;Ja
76370;Hjorted;57.6215;16.3117;70;Nej
85540;Hjortkvarn D;58.931;15.4451;82.761;Ja
97640;Hjulsta;59.55;17.0166;10;Nej
83350;Hjälmsäter;58.5829;13.3398;80;Nej
137120;Hjälta kraftverk;63.1845;17.1039;95;Nej
62200;Hjärnarp;56.3166;12.9166;40;Nej
132660;Hoberg;63.85;12.9833;420;Nej
68560;Hoburg A;56.9209;18.1506;34.118;Ja
68550;Hoburg D;56.922;18.1504;38;Ja
65150;Hoby;56.2163;15.099;20;Nej
106330;Hofors;60.5403;16.292;140;Ja
86200;Holma;58.3339;16.8157;5;Nej
86120;Holmbo D;58.1943;16.3603;40.428;Ja
150460;Holmfors D;64.7855;20.5185;150;Ja
108620;Holmsberg;60.0166;18.3333;50;Nej
140360;Holmögadd A;63.5949;20.7565;6;Nej
140460;Holmön A;63.807;20.8645;6.535;Ja
140470;Holmön D;63.7918;20.8606;15;Ja
161980;Holsvattnet;65.9666;21.6;37;Nej
74020;Horda;57.0252;14.2936;190;Nej
75520;Horn A;57.8861;15.8623;89.822;Ja
94400;Hornkullen;59.6506;14.2849;260;Nej
72350;Horred;57.3751;12.452;70.241;Ja
113190;Horrmund;61.3138;13.1615;440;Nej
146070;Hoting;64.1236;16.2149;240;Nej
146050;Hoting A;64.0875;16.2356;241.55;Ja
62270;Hov;56.4495;12.7011;42.467;Ja
117440;Hudiksvall;61.7167;17.086;5;Ja
126330;Hullsjön;62.55;16.7;315;Nej
75060;Hult;57.1;15.2333;265;Nej
86410;Hult D;58.6756;16.1313;55;Ja
125450;Hunge;62.754;15.0921;342;Nej
125440;Hunge A;62.7504;15.0845;343.238;Ja
98290;Husarö;59.5052;18.8417;10;Nej
74480;Huskvarna;57.7865;14.2874;99;Ja
74260;Hylletofta;57.4399;14.4729;270;Nej
64410;Hyltan;56.6815;14.3358;155;Ja
96200;Hyndevad;59.3218;16.4402;24.846;Ja
97450;Hyvlinge;59.7475;17.0682;20;Nej
123020;Häggberget D;62.031;13.0879;685;Ja
132310;Häggsjön;63.5158;12.7159;480;Nej
72370;Häggårda;57.6149;12.9451;105;Ja
127160;Häljum;62.2622;17.3358;25;Nej
96090;Hälleforsnäs D;59.1561;16.5063;76.152;Ja
149160;Hällnäs-Lund;64.2684;19.6314;181;Nej
105720;Hällsjön;60.0333;15.15;235;Nej
83190;Hällum A;58.3218;13.0379;70.071;Ja
114520;Härjeåsjön;61.9104;14.2103;425;Ja
64580;Härlöv;56.9666;14.6333;155;Nej
116070;Härnebo;61.1326;16.7458;90;Ja
128370;Härnö;62.6183;18.0618;10;Nej
127380;Härnösand;62.6364;17.9214;17.655;Ja
72680;Härryda;57.6865;12.2988;91.107;Ja
72650;Härsjönäs;57.75;12.35;100;Nej
85180;Härsnäs;58.2884;15.2336;126.803;Ja
75380;Hässleby D;57.6104;15.5776;126;Ja
63080;Hässleholm;56.1367;13.7445;50;Nej
144230;Håkafot D;64.3914;14.3913;310;Nej
81630;Hållö;58.3333;11.2166;16;Nej
91520;Hångstad;59.8633;11.9746;130;Nej
98040;Hårsfjärden;59.0714;18.1217;4;Nej
81570;Håvelund;58.9453;11.4385;98.691;Ja
82500;Håvreström;58.8216;12.4127;55;Nej
63730;Högaryd;56.7166;13.1666;175;Nej
106410;Högbo;60.6892;16.8193;80;Nej
93350;Högboda;59.5768;13.0242;91.559;Ja
84040;Högemålen D;58.0561;14.5924;286.83;Ja
145340;Högland D;64.577;15.8865;345.048;Ja
127390;Höglandsbodarna D;62.6336;17.4146;65;Nej
133050;Höglekardalen;63.0785;13.7488;594.865;Ja
107070;Högsbo;60.1186;17.0255;65;Ja
95020;Högsjö;59.0297;15.6858;69;Nej
95290;Högsta;59.3521;15.4802;10;Nej
83610;Högstena;58.2333;13.7166;211;Nej
126340;Högsvedjan;62.5535;16.6992;395;Nej
91660;Högsäter;59.88;11.97;135;Nej
162970;Högsön;65.8849;22.3961;8;Nej
81530;Höksäter;58.8833;11.8833;140;Nej
53630;Hököpinge;55.5;13.0166;17;Nej
117370;Hölick;61.6239;17.4401;5;Nej
102540;Höljes;60.9066;12.5843;230;Ja
53500;Hörby;55.8506;13.6672;65;Nej
53530;Hörby A;55.8633;13.6662;113.388;Ja
104020;Hörken;60.029;14.9382;250;Nej
63620;Hörlinge;56.2;13.6833;55;Nej
105230;Idkerberget;60.3758;15.231;260;Nej
112520;Idre D;61.8591;12.7286;455;Ja
112540;Idre Fjäll Aut;61.8896;12.8559;875;Nej
147270;Idvattnet;64.4542;17.0794;352;Nej
127340;Indal D;62.5663;17.1201;70;Nej
105580;Ingels;60.9437;15.2473;190;Nej
64450;Ingelstad;56.75;14.9333;160;Nej
138020;Invik;63.0255;18.172;10;Nej
173980;Jarhois;66.9524;23.8356;112.317;Ja
156860;Jiltjaur;65.537;16.982;435;Nej
172900;Jock;66.6561;22.7215;105;Nej
154920;Joesjö;65.7306;14.6303;490;Nej
158810;Johannisberg;65.3655;18.2074;415;Nej
104660;Johannisholm;60.8333;14.1333;280;Nej
169880;Jokkmokk;66.6135;19.8316;240;Nej
86300;Jonsberg;58.5059;16.8575;10;Nej
62560;Jonstorp;56.931;12.5514;25;Nej
53250;Jordberga;55.4114;13.4001;40;Nej
143440;Jormlien;64.7291;13.9819;383.088;Ja
180950;Jukkasjärvi D;67.8532;20.5793;335;Ja
157670;Juktfors;65.2666;17.4833;430;Nej
96100;Julita;59.1635;16.0553;30;Nej
136420;Junsele;63.6845;16.9508;215;Nej
136410;Junsele A;63.6839;16.95;218.766;Ja
166810;Jäckvik;66.3874;16.9714;433.56;Ja
95710;Jäders bruk;59.4;15.8;15;Nej
126480;Järkvissle;62.8166;16.6833;90;Nej
103200;Järnbergsås;60.3239;13.1272;215;Nej
94380;Järnboås D;59.6446;14.8861;115;Nej
139260;Järnäsklubb A;63.4351;19.6731;5.928;Ja
133220;Järpen;63.3528;13.4578;338;Nej
102470;Järpliden;60.7798;12.4593;430;Nej
133240;Järpströmmen;63.3903;13.3845;386.652;Ja
116430;Järvsö;61.7111;16.1667;140;Ja
74470;Jönköping;57.7994;14.1314;184;Ja
74460;Jönköpings Flygplats;57.7514;14.0733;226;Ja
160710;Jörn D;65.0971;20.1072;285;Ja
180010;Kaitum;67.5333;20.1166;490;Nej
163940;Kalix D;65.8369;23.1981;2.272;Ja
66430;Kalmar D;56.6621;16.2785;1.207;Ja
66420;Kalmar Flygflottilj;56.6783;16.292;6;Nej
149400;Kalvträsk D;64.6703;19.8082;265;Ja
182850;Kangos D;67.4954;22.6647;230;Ja
168910;Karats;66.6485;18.799;420;Nej
192830;Karesuando;68.4424;22.4456;330;Ja
192840;Karesuando A;68.4418;22.4435;329.68;Ja
84310;Karlsborg;58.5452;14.4945;95;Nej
76090;Karlshammar;57.15;16.45;8;Nej
64130;Karlshamn;56.1813;14.8517;50;Ja
94200;Karlskoga;59.3291;14.5538;95;Ja
65090;Karlskrona;56.167;15.587;7;Nej
93250;Karlstad;59.384;13.4455;80;Nej
93230;Karlstad Aut;59.361;13.4728;46;Nej
93220;Karlstad Flygplats;59.4446;13.3374;107;Ja
75320;Karlstorp D;57.5137;15.507;215;Nej
64040;Karpalund;56.05;14.1;4;Nej
173710;Karungi;66.0429;23.9722;29.032;Ja
139200;Kasa D;63.3266;19.0532;30;Nej
66260;Kastlösa;56.4321;16.4186;20.43;Ja
116720;Katrineberg;61.0666;16.3;250;Nej
83430;Katrinefors;58.7166;13.8333;50;Nej
86590;Katrineholm D;58.9773;16.1896;30;Nej
188820;Katterjåkk;68.4218;18.1698;515;Ja
188850;Katterjåkk A;68.4202;18.168;514.248;Ja
189780;Kattuvuoma;68.2833;19.9;355;Nej
183810;Kaunisvaara;67.3612;23.3185;180;Nej
133300;Kaxås-Åflo D;63.4925;13.8765;345.813;Ja
191960;Keinovuopio D;68.8663;21.0337;460;Nej
172960;Kenttäsaari D;66.8155;22.8944;135;Nej
106160;Kerstinbo A;60.2683;16.9738;55.695;Ja
182890;Keräntöjärvi;67.6375;22.9211;315;Nej
85460;Kettstaka A;58.7162;15.0271;224.876;Ja
116150;Kilafors D;61.2489;16.5572;50;Ja
83220;Kilagården;58.3565;13.2537;85;Ja
62230;Killebäckstorp;56.3822;12.7491;50;Nej
180860;Killingi;67.5199;20.2736;485;Nej
94190;Kilsbergen-Suttarboda A;59.2996;14.8956;218.353;Ja
73330;Kindsboda;57.5925;13.3389;170;Ja
102400;Kindsjön D;60.6591;12.7103;425;Ja
73610;Kinnared;57.0333;13.1166;100;Nej
180960;Kiruna;67.85;20.2451;500;Nej
180940;Kiruna flygplats;67.827;20.3387;442;Nej
75590;Kisa D;57.984;15.6318;114.854;Ja
155770;Kittelfjäll D;65.2559;15.5229;552.714;Ja
53740;Klamby;55.6666;13.7333;85;Nej
154720;Klimpfjäll;65.062;14.7908;594;Nej
78220;Klinte D;57.3719;18.2463;50;Nej
63070;Klippan;56.1394;13.2489;55.752;Ja
157970;Klippen D;65.8969;17.1093;515;Nej
132190;Klocka;63.2983;12.506;530;Nej
95530;Kloten;59.8707;15.2544;285;Nej
95540;Kloten A;59.8703;15.2522;283.21;Ja
150640;Klutmark;64.75;20.6333;80;Nej
71660;Klädesholmen;57.95;11.55;10;Nej
53330;Kläggeröd;55.5666;13.5166;173;Nej
161900;Klöverträsk D;65.6348;21.4128;66.095;Ja
124320;Klövsjö;62.5335;14.2028;549;Nej
124300;Klövsjöhöjden A;62.4952;14.1542;802.503;Ja
64150;Knislinge;56.2;14.1;15;Nej
97440;Knivsta;59.7243;17.8078;20;Nej
53570;Knopparp D;55.9299;13.8491;165;Ja
63320;Knäred D;56.5202;13.3328;53.72;Ja
103570;Knås;60.9676;13.8985;280;Nej
82100;Koberg;58.1666;12.4166;78;Nej
99650;Koholma;59.7333;19.0666;10;Nej
96330;Kolbäck D;59.5554;16.2875;13;Nej
160850;Koler D;65.5028;20.464;288.174;Ja
63610;Kolleberga;56.0666;13.2666;50;Nej
86420;Kolmården-Strömsfors A;58.6892;16.3069;153.613;Ja
95360;Kolsva D;59.5875;15.9119;45.744;Ja
182720;Kompelusvaara;67.0887;22.2265;255;Nej
82040;Komperöd;58.0592;12.0085;108.121;Ja
66170;Komstorp;56.2774;16.0197;10;Ja
65300;Konga;56.4918;15.1227;125;Nej
95520;Kopparberg D;59.8593;15.0448;128.976;Ja
92420;Koppom D;59.7037;12.151;150;Nej
173950;Korpilombolo;66.85;23.0666;165;Nej
173960;Korpilombolo M;66.8542;23.0571;178;Nej
75180;Korsberga;57.3101;15.2425;220;Ja
145280;Korsselbränna;64.4571;15.5423;178;Nej
133500;Korsvattnet A;63.8385;13.5009;716.605;Ja
106390;Korså;60.638;16.1451;185;Nej
170840;Koskats;66.5074;20.2558;230;Nej
92110;Krakstad;59.1833;12.4833;240;Nej
127560;Kramfors;62.9291;17.7615;45.601;Ja
137040;Kramfors-Gistgårdsön;63.0502;17.7658;5;Nej
64030;Kristianstad;56.0133;14.2896;10;Ja
54550;Kristianstad Everöd;55.9245;14.0842;17;Nej
81150;Kristineberg;58.25;11.45;5;Nej
102240;Kristinefors;60.3586;12.943;135;Nej
94180;Kristinehamn;59.3102;14.0994;46.71;Ja
84070;Krogstorp;58.1058;14.0707;310;Nej
76230;Krokshult D;57.3834;16.0933;127.157;Ja
148300;Kroksjö;64.5073;17.9934;500;Nej
124710;Krokströmmen;62.05;14.9;340;Nej
82360;Kroppefjäll-Granan A;58.6065;12.1973;173.75;Ja
114330;Kräckelbäcken;61.55;14.2;670;Nej
76280;Kråkemåla;57.4605;16.6478;13.63;Ja
136090;Krångede A;63.1512;16.1699;183.123;Ja
138320;Kubbe;63.5173;18.0691;120;Nej
117430;Kuggören A;61.7027;17.5216;8.568;Ja
149610;Kulbäcksliden;64.2;19.5666;200;Nej
62190;Kullen;56.3012;12.454;72;Nej
95070;Kumla;59.1248;15.1535;50;Nej
190970;Kummavuopio;68.9078;20.867;465;Nej
106460;Kungsberget D;60.7651;16.4679;150;Ja
150530;Kusmark D;64.8846;20.8323;55;Ja
114270;Kvarnberg D;61.4398;14.8738;434;Nej
167980;Kvikkjokk-Årrenjarka;66.8834;18.0226;314;Ja
167990;Kvikkjokk-Årrenjarka A;66.8874;18.0198;314.692;Ja
173760;Kypasjärvi D;66.192;23.2263;80.232;Ja
156020;Kyrkberg;65.2666;16.7666;360;Nej
92630;Kyrkerud;59.3833;12.1166;110;Nej
74500;Kyrkonäs;57.8222;14.7188;285;Nej
145150;Kyrktåsjö D;64.2454;15.8454;272.209;Ja
126580;Kälarne;62.9628;16.1075;305;Nej
74560;Källebäcken;57.9625;14.1001;158;Ja
72140;Källsjö;57.2322;12.7018;153.9;Ja
71510;Kärna;57.8421;11.8049;20.66;Nej
85650;Kärnskogen;58.85;15.2833;108;Nej
193730;Kätkesuando;68.1202;23.3283;250;Ja
104510;Kättbo;60.846;14.1912;290;Nej
53480;Kävlinge;55.8;13.1;7;Nej
73200;Kävsjö D;57.3222;13.9264;170;Ja
150500;Kåge;64.8386;20.9406;10;Ja
72360;Kållered D;57.6095;12.0649;28.338;Ja
115590;Kårböle;61.9812;15.3235;220;Nej
98400;Kårsta;59.6575;18.2718;20;Nej
125240;Kölsillre;62.3969;15.2102;257.59;Ja
96310;Köping;59.5259;16.0192;15;Nej
53270;Köpinge;55.4575;13.9379;10;Nej
115570;Laforsen;61.9445;15.5013;200;Nej
62300;Laholm D;56.4944;12.9864;11.572;Ja
182930;Lainio;67.7615;22.3518;315;Ja
155930;Laisaliden;65.7666;15.1666;640;Nej
167730;Laisvallsby;66.1347;17.1748;460;Nej
171790;Lakaträsk A;66.2789;21.1285;185.031;Ja
52520;Landskrona D;55.8659;12.8512;9;Ja
87450;Landsort;58.7404;17.8655;12.653;Ja
87440;Landsort A;58.7429;17.8684;17.484;Ja
72410;Landvetter;57.6874;12.2277;60;Nej
72420;Landvetter Flygplats;57.6678;12.2963;154;Nej
83210;Lanna;58.3476;13.1296;80;Ja
192710;Lannavaara D;68.0487;21.9759;352;Ja
172890;Lansjärv;66.6575;22.1935;90;Nej
171770;Lappträsket;66.2283;21.7881;60;Nej
147390;Latikberg D;64.6425;17.0833;440.893;Ja
180770;Latnivaara A;67.2551;20.2704;453.191;Ja
159900;Lauker;65.6453;19.8259;360;Nej
146380;Laxbäcken;64.6389;16.4142;345;Nej
134470;Laxviken;63.7901;14.6784;315;Nej
148270;Ledningsmark;64.45;18.1333;410;Nej
144560;Leipikvattnet;64.929;14.1563;481.296;Nej
104120;Lejen;60.2;14.4;340;Nej
94150;Lekeberga;59.2317;14.8769;90;Nej
106110;Leknäs;60.1245;16.588;65;Nej
105450;Leksand;60.7248;15.0143;172.638;Ja
102110;Lekvattnet D;60.1332;12.7707;205;Nej
65590;Lenhovda;56.9893;15.2933;265;Nej
91620;Lennartsfors;59.3;11.9333;125;Nej
105090;Lernbo;60.15;15.3166;115;Nej
94590;Lesjöfors D;59.9812;14.1744;255.125;Ja
65450;Lessebo;56.7379;15.3495;162;Ja
102440;Letafors D;60.7397;12.6989;335;Ja
96250;Lida D;59.3655;16.0124;52.889;Nej
126390;Liden D;62.6553;16.888;75;Nej
63670;Lidhult D;56.828;13.4502;167.249;Ja
98220;Lidingö;59.3701;18.16;2;Nej
83320;Lidköping;58.4835;13.1479;52;Ja
145180;Lidsjöberg;64.3013;15.221;300;Nej
173780;Liehittäjä;66.2668;23.4184;135;Nej
114390;Lillhamra D;61.642;14.7998;424;Ja
114510;Lillhärdal;61.8547;14.0921;440;Nej
73320;Limmared;57.5415;13.3433;170;Nej
95350;Lindesberg D;59.5941;15.2352;85;Nej
87560;Lindö;58.9166;17.0333;18;Nej
72180;Linhult D;57.2949;12.6906;155;Ja
85250;Linköping D;58.4214;15.7372;50;Nej
65390;Linneryd;56.6592;15.1381;140;Nej
96420;Lisjö;59.7017;16.0615;60;Nej
103310;Lisskogsåsen;60.5007;13.4433;445;Nej
134180;Lit;63.3081;14.8517;270;Nej
134170;Litsnäset;63.3089;14.7065;275;Ja
78190;Ljugarn D;57.3301;18.7104;2.649;Ja
63510;Ljungby A;56.8525;13.8794;148.485;Ja
63500;Ljungby D;56.8099;13.9694;155;Ja
63050;Ljungbyhed;56.0752;13.2318;43;Nej
122510;Ljungdalen;62.8543;12.807;615;Nej
81130;Ljungskile;58.2159;11.9321;70;Nej
126460;Ljungå;62.7594;16.3141;220;Nej
106090;Ljusbäck;60.155;16.8595;60;Nej
116500;Ljusdal;61.8333;16.1333;140;Nej
126120;Ljusdals-Valsjön;62.195;16.0367;300;Ja
117130;Ljusne Strömmar;61.2116;17.0852;10;Nej
122330;Ljusnedal;62.5493;12.6043;585;Ja
115320;Lobonäs D;61.5338;15.3444;220;Ja
123070;Lofsdalen;62.1132;13.2841;610;Nej
76540;Loftahammar;57.9038;16.6962;3;Nej
74530;Lommaryd;57.8887;14.7342;240;Nej
115450;Los D;61.7256;15.1783;406;Ja
62150;Louisefred;56.242;12.5778;12;Ja
105100;Ludvika;60.1383;15.1782;161.32;Ja
162860;Luleå Flygplats;65.5434;22.1193;17;Ja
162870;Luleå-Bergnäset;65.5746;22.11;12.156;Ja
78440;Lummelunda;57.7409;18.4347;50;Nej
53430;Lund;55.6932;13.2251;26.451;Ja
94300;Lundsberg;59.4996;14.1635;120;Nej
134310;Lundsjön;63.5195;14.5261;410;Ja
136720;Lungsjöbacken;63.4666;16.2666;320;Nej
128390;Lungö A;62.6417;18.0899;14.325;Ja
83460;Lurö;58.8;13.25;55;Nej
65120;Lyckeby;56.2141;15.7106;20;Ja
148330;Lycksele A;64.5481;18.713;210.07;Ja
97240;Lyckås;59.4;17.6666;15;Nej
53350;Lyngby;55.5833;13.3666;50;Nej
81170;Lysekil D;58.2712;11.4292;29.509;Ja
83130;Längjum;58.2212;13.0607;95;Nej
137110;Lännäs;63.1663;17.6543;30;Nej
64370;Länshult;56.6083;14.0665;160;Nej
134270;Långan D;63.4547;14.4833;296.574;Ja
63350;Långhult;56.585;13.4582;175;Nej
106280;Långshyttan D;60.4612;16.062;110;Ja
124050;Långströmmen;62.1166;15;280;Nej
159760;Långträsk D;65.1941;19.2447;306.229;Nej
156730;Långvattnet;65.1049;16.6919;420;Nej
127140;Lörudden;62.2314;17.6623;2;Nej
112020;Löten D;61.0255;12.8399;425;Ja
76080;Löttorp D;57.1553;16.9472;6.489;Ja
135580;Lövberga D;63.9673;15.8437;281.703;Ja
53400;Lövestad;55.6429;13.8916;76.564;Ja
158970;Lövlund;65.9075;18.1507;480;Nej
113210;Lövnäs;61.3445;13.3578;445;Nej
134450;Lövsjön;63.75;14.7166;310;Nej
107250;Lövsta;60.4086;17.884;25;Nej
106420;Lövåker;60.684;16.3513;150;Nej
151220;Lövånger;64.4083;21.2906;25;Ja
63300;Majenfors;56.4969;13.4557;80;Nej
85040;Malexander;58.0729;15.2352;195;Nej
85050;Malexander A;58.0716;15.233;197.27;Ja
149230;Malkälen D;64.3918;19.6903;235;Ja
122370;Malmagen;62.6094;12.1605;785;Ja
180750;Malmberget;67.1681;20.6389;400;Ja
74360;Malmbäck D;57.5985;14.5206;350;Ja
85240;Malmslätt;58.4004;15.5327;93;Ja
53360;Malmö;55.5726;13.0776;20;Ja
53370;Malmö 2;55.6048;12.9841;3;Nej
52350;Malmö A;55.5715;13.0708;19.757;Ja
103410;Malung;60.6717;13.7058;310;Nej
103420;Malung A;60.6765;13.7072;302.583;Ja
103400;Malungsfors;60.7238;13.5369;325;Ja
158750;Malå;65.1812;18.7421;308.635;Ja
158740;Malå-Brännan A;65.1512;18.5935;363.111;Ja
134070;Marby D;63.1205;14.2926;328.15;Ja
63410;Marbäck D;56.7045;13.0329;54.854;Ja
83290;Mariedal;58.4833;13.4;100;Nej
62090;Mariedal;56.1443;12.7112;10;Nej
85520;Mariedamm;58.8509;15.164;132;Nej
97170;Mariefred;59.281;17.2541;6.936;Ja
65130;Marielund;56.2182;15.5331;25;Nej
83440;Mariestad;58.7136;13.823;50;Ja
63280;Markaryd;56.4577;13.6159;113.846;Ja
172920;Markusvinsa;66.7259;22.894;163.362;Ja
155720;Marsliden;65.0251;15.3668;550;Nej
86330;Marviken;58.5491;16.8157;10;Nej
133180;Mattmar V;63.3054;13.8767;360;Nej
93080;Medhamn;59.1333;13.9833;54;Nej
122270;Medskogen;62.443;12.9673;655;Ja
132320;Medstugan;63.5255;12.4008;547.717;Nej
138260;Mellansel;63.4333;18.35;60;Nej
181720;Mettä-Dokkas;67.0676;21.2885;270;Nej
166910;Mierkenis A;66.6802;16.1053;613.982;Ja
166900;Mierkenis Aut;66.6798;16.1137;600;Nej
105270;Milsbo D;60.4471;15.6284;130;Nej
102050;Mitandersfors D;60.0854;12.5198;220;Nej
65270;Mjuamåla;56.4405;15.3205;130;Nej
73110;Mjöhult;57.1858;13.1854;155;Nej
85710;Mjölby;58.3333;15.15;115;Nej
164730;Mjölkbäcken;66.102;14.8465;535.608;Ja
133510;Mjölkvattnet;63.85;13.3797;545;Nej
81650;Mo;58.7;11.55;60;Nej
104300;Mockfjärd D;60.5082;14.959;190;Nej
136220;Moforsen;63.3683;16.9912;70;Nej
74000;Moheda D;57.0064;14.5712;155;Ja
93360;Molkom;59.6166;13.75;93;Nej
73570;Molla;57.936;13.0668;190;Nej
72530;Mollsjönäs D;57.8634;12.1373;94.68;Ja
104580;Mora A;60.9601;14.5041;195.417;Ja
172720;Morjärv;66.0728;22.751;40;Nej
62590;Morup;56.9824;12.3911;15;Nej
181810;Moskojärvi;67.3746;21.0787;395;Nej
159950;Moskosel-Abmohed D;65.8549;19.4654;345;Nej
77170;Mossen;57.2833;17.0042;10;Nej
103610;Mossfallet;60.0166;13.9166;270;Nej
85330;Motala;58.5535;15.0149;97.027;Ja
94090;Mullhyttan;59.15;14.6833;90;Nej
73560;Mullsjö D;57.9246;13.8806;270;Ja
137090;Multrå D;63.1681;17.4192;62.6;Ja
62130;Munka-Ljungby D;56.2225;12.996;28;Ja
93500;Munkfors;59.8482;13.5415;80;Nej
96300;Munktorp D;59.5238;16.2093;27;Nej
144160;Munsvattnet;64.2734;14.451;520;Nej
183980;Muodoslompolo;67.9443;23.4441;240;Nej
170850;Murjek D;66.4771;20.9263;260;Ja
137350;Myckelgensjö;63.5762;17.5861;207.357;Ja
74720;Mykinge;57.9;14.3166;230;Nej
92500;Myre;59.7877;12.4412;115;Ja
160790;Myrheden;65.296;20.2096;250;Nej
122200;Myskelåsen D;62.3335;12.647;770;Ja
125510;Mälgåsen D;62.8514;15.3293;306.507;Ja
75240;Målilla;57.3964;15.8315;100;Nej
75250;Målilla A;57.3845;15.8009;95.667;Ja
113050;Mångsbodarna;61.0804;13.6189;424;Ja
150280;Mårtensboda D;64.4489;20.9446;80;Nej
81060;Måseskär;58.0944;11.3348;14;Nej
81050;Måseskär A;58.0937;11.3312;14.973;Ja
106050;Möklinta;60.0849;16.5477;70;Nej
93710;Mölnbacka;59.6333;13.5666;75;Nej
72390;Mölndal;57.6595;12.0368;61;Nej
76020;Mönsterås D;57.0269;16.5029;3.328;Ja
66320;Mörbylånga;56.5192;16.3918;2;Ja
73410;Mörkö;57.6881;13.7084;345;Nej
133190;Mörsil;63.3183;13.6458;420.343;Ja
126160;Naggen;62.279;15.9986;435;Nej
191900;Naimakka;68.6779;21.5277;403;Nej
191910;Naimakka A;68.6762;21.5229;402.202;Ja
172680;Naisheden;66.5333;22.3666;95;Nej
170930;Nattavaara A;66.7516;20.9238;327.631;Ja
171920;Nattavaara by;66.7586;21.0537;350;Nej
170940;Nattavaara-Vårsjö;66.7791;20.581;410;Nej
169960;Nautijaur;66.9044;19.2446;355;Nej
83420;Naven A;58.6998;13.1109;53;Ja
123570;Nedgården;62.9365;13.2534;780;Nej
116360;Nianfors;61.6021;16.7726;170;Ja
116740;Niannoret;61.6;16.6;170;Nej
71190;Nidingen A;57.3036;11.9049;3.785;Ja
179950;Nikkaluokta;67.8488;19.0233;470;Nej
179960;Nikkaluokta A;67.8527;19.0212;466.765;Ja
181770;Nilivaara;67.226;21.6072;320;Nej
74540;Nobynäs D;57.9106;14.7952;177.639;Ja
72660;Nol;57.9166;12.0666;10;Nej
107060;Nolmyra;60.1;17.1166;38;Nej
114630;Noppikoski;61.5;14.85;340;Nej
95300;Nora D;59.5059;15.0347;97;Nej
128500;Nora-Östanö D;62.8487;18.1861;48.072;Ja
105060;Norberg;60.0651;15.9082;135.379;Ja
139440;Nordanbäck D;63.7413;19.291;185;Ja
156840;Nordanås;65.462;16.0867;403.453;Ja
157020;Nordanås;65.6333;17.7333;480;Nej
134090;Norderön;63.1611;14.3661;320.608;Ja
81540;Nordkoster A;58.892;11.0038;33.362;Ja
139340;Nordmaling;63.5739;19.4875;4;Nej
128510;Nordvik;62.8485;18.0159;20;Nej
92710;Noreborg;59.7666;12.3333;110;Nej
64110;Norjeby;56.1166;14.6666;5;Nej
113260;Nornäs D;61.4306;13.2296;460;Ja
168820;Norra Bergnäs;66.3833;18.2333;440;Nej
66380;Norra Möckleby D;56.6331;16.6673;10.725;Ja
64080;Norra Ströö;56.1045;14.0028;15;Ja
75540;Norra Vi D;57.8828;15.3257;231.232;Ja
102710;Norra Viggen;60.4833;12.7166;420;Nej
148550;Norrby;64.9238;18.2404;325;Nej
108040;Norrby S;60.0618;18.7385;19.643;Ja
87530;Norrby Säteri;58.8907;17.1932;30;Nej
147430;Norrbäck;64.7112;17.7154;440;Nej
138470;Norrfors;63.7705;18.9927;118;Nej
171780;Norriån;66.25;21.8;55;Nej
86360;Norrköping;58.606;16.2127;3;Nej
86350;Norrköping-Kungsängen;58.5842;16.2383;5;Nej
86340;Norrköping-SMHI;58.5833;16.15;21;Nej
86370;Norrköping-Sörby;58.6082;16.1212;27;Nej
107560;Norrsundet;60.9297;17.1561;5;Ja
98460;Norrtälje II;59.7506;18.7091;25;Nej
98510;Norrtälje-Väsby;59.8524;18.7296;10;Nej
98500;Norrveda;59.8294;18.949;23.253;Ja
145260;Norråker D;64.4331;15.5985;270;Nej
97140;Norsborg I;59.2401;17.7834;15;Nej
97160;Norsborg II;59.2518;17.796;8.671;Ja
149540;Norsjö;64.9093;19.4746;296;Nej
149560;Norsjö A;64.9253;19.3744;309.576;Ja
96180;Notholmen;59.2948;16.0053;24;Nej
75230;Nyabyberg;57.3911;15.2737;220;Nej
95440;Nyberget;59.7468;14.9925;200;Nej
65440;Nybro-Slättingebygd D;56.8503;15.9885;92.842;Nej
97310;Nybyholm;59.5296;17.038;5;Nej
97180;Nyckelby;59.3;17.7166;25;Nej
104180;Nyhammar;60.2911;14.9784;183.857;Ja
62140;Nyhamnsläge;56.2451;12.5401;12.454;Ja
105190;Nyhyttan D;60.3217;15.5566;218;Nej
86480;Nyköpings Flygplats;58.7833;16.9166;42;Nej
147630;Nyland;64.4833;17.3333;460;Nej
146530;Nyluspen;64.8788;16.7489;415;Nej
87570;Nynäshamn;58.9217;17.9248;15;Nej
98110;Nämdö;59.1146;18.4353;7;Ja
96110;Näshulta;59.1946;16.2765;45.492;Ja
74390;Nässjö;57.6431;14.6895;305;Nej
136260;Näsåker;63.4179;16.9517;128.919;Ja
74240;Nävelsjö;57.4397;14.8863;230;Ja
104270;Nås;60.4494;14.4825;250;Nej
106550;Ockelbo;60.892;16.724;74;Ja
106540;Ockelbo 1;60.8982;16.7376;80;Ja
137070;Offer;63.1492;17.7617;27;Nej
76530;Ogestad;57.8748;16.1689;81;Nej
64500;Ohs;56.8371;14.5852;145;Nej
64250;Olastorp;56.4188;14.3546;135;Ja
133420;Olden D;63.6951;13.6473;344.362;Ja
137720;Oldsjön;63.3333;17.4833;200;Nej
64170;Olofström;56.2773;14.5177;65;Ja
75500;Olstorp;57.8333;15.1;200;Nej
84220;Omberg D;58.3558;14.6938;125.244;Ja
128570;Omne D;62.9513;18.3643;75;Nej
137320;Omsjö;63.5319;17.1299;245;Nej
71230;Onsala D;57.3843;11.9721;8.184;Ja
108710;Ora;60.02;18.08;10;Nej
162980;Orrbyn;65.9446;22.116;15;Nej
65500;Orrefors D;56.8213;15.6982;174.688;Ja
114070;Orsa D;61.1306;14.638;175;Ja
63220;Osby;56.3742;13.9376;90;Ja
103240;Osebol;60.4;13.2833;145;Nej
76160;Oskarshamn;57.267;16.4114;12.072;Ja
62480;Oskarström;56.7939;12.9731;15;Nej
64000;Ovesholm;55.9901;13.9934;60;Nej
96730;Oxelby;59.55;16.2166;15;Nej
87400;Oxelösund;58.6772;17.1199;7.154;Ja
172950;Paharova;66.8107;22.3408;215;Nej
172940;Paharova A;66.8094;22.3315;227.643;Ja
183760;Pajala;67.2101;23.3928;168;Nej
183750;Pajala A;67.2036;23.3899;163.774;Ja
181850;Parakka;67.4864;21.6687;340;Ja
93430;Pardixhyttan;59.7166;13.9166;163;Nej
183920;Parkajoki;67.7314;23.486;200;Ja
182910;Parkalompolo A;67.7301;22.8219;312.183;Ja
75290;Pauliström;57.4711;15.5037;185;Nej
139550;Pengfors;63.9333;19.6666;80;Nej
137400;Pengsjö;63.6666;17.8;260;Nej
94450;Persberg;59.7494;14.2582;200;Ja
149340;Petisträsk A;64.5659;19.6943;258.047;Ja
161710;Pite-Rönnskär A;65.034;21.5609;4.878;Ja
161790;Piteå;65.2625;21.474;8.268;Ja
161770;Pitsund;65.23;21.52;8;Nej
64380;Pjätteryd;56.6199;14.0229;140;Ja
169980;Porjus;66.9594;19.8259;390;Nej
169990;Porjus2 D;66.9764;19.8443;430;Nej
74440;Prästkulla;57.7236;14.9829;294.019;Ja
179940;Puoltsa;67.7989;19.8596;465;Nej
170760;Puottaure;66.1861;20.2534;320;Ja
53490;Pärup D;55.8096;13.7464;160;Nej
171810;Pålkem;66.3888;21.6098;265;Nej
171820;Pålkem M;66.3855;21.6167;261;Nej
136320;Ramsele;63.4914;16.4826;175;Nej
125110;Ramsjö;62.1843;15.6508;220;Nej
74490;Ramsjöholm;57.8429;14.4317;225;Ja
169930;Randijaur;66.761;19.3166;285;Nej
105290;Rankhyttan;60.4833;15.7333;130;Nej
155730;Ransaren D;65.1391;15.0472;560;Nej
123120;Ransjö;62.1961;13.8743;421;Nej
144550;Raukasjö;64.9197;14.5567;550;Nej
167820;Rebnisluspen;66.4051;17.3331;510;Nej
73080;Reftele D;57.1689;13.5975;150.196;Ja
85530;Regna D;58.8595;15.6973;70;Nej
83280;Remningstorp;58.4524;13.6641;141;Ja
189720;Rensjön A;68.073;19.8351;493.651;Ja
132360;Rensjönäset;63.6;12.65;520;Nej
84210;Renstad;58.3097;14.7236;95;Nej
137200;Resele;63.3267;17.0625;93.834;Ja
62010;Reymersholm;56.0127;12.7218;5;Nej
150080;Rickleå;64.1219;20.9086;15;Ja
95490;Riddarhyttan;59.8076;15.5405;155.819;Ja
188830;Riksgränsen;68.4284;18.1302;508;Nej
98440;Rimbo;59.7487;18.3535;20;Nej
116080;Rimsbo;61.1333;16.1833;330;Nej
98250;Rindö;59.4166;18.3666;5;Nej
72150;Ringhals;57.253;12.1032;10;Nej
78430;Rings;57.7166;18.6333;50;Nej
64600;Rinkaby;55.9833;14.2666;7;Nej
145420;Risbäck D;64.7067;15.5385;370;Nej
108110;Risinge;60.1748;18.224;17.21;Nej
146150;Risnäset D;64.2507;16.4967;306;Nej
135040;Rissna D;63.0584;15.3422;302.072;Ja
78490;Risungs;57.8166;18.9333;20;Nej
177920;Ritsem;67.7261;17.4718;521;Nej
177930;Ritsem A;67.7255;17.4668;541.214;Ja
150110;Robertsfors;64.1935;20.8467;50;Nej
78310;Roma;57.5069;18.4539;32;Nej
78300;Roma Aut;57.4998;18.4639;32;Nej
65160;Ronneby-Bredåkra;56.2619;15.2742;58;Ja
72300;Rossared D;57.4708;12.195;41.339;Ja
81450;Rossö;58.8502;11.1787;8;Ja
136560;Rossön;63.9338;16.3694;234.498;Ja
125250;Rotnäset D;62.3993;15.4386;251.782;Ja
127430;Rundbacken;62.7101;17.1765;130;Nej
139320;Rundvik D;63.5422;19.4377;10;Nej
97340;Runsa;59.5593;17.8252;25;Nej
173880;Ruokojärvi;66.6127;23.298;170;Nej
148490;Rusksele D;64.8166;18.8886;225;Ja
64620;Ryd;56.45;14.7166;140;Nej
84640;Ryholm;58.5819;14.2167;95;Nej
75160;Ryningsnäs;57.2666;15.9333;90;Nej
64590;Räfsebo D;56.9857;14.2124;185;Ja
105200;Rämshyttan;60.3333;15.2;260;Nej
124280;Rätan;62.4836;14.541;359.575;Ja
105540;Rättvik;60.8928;15.1087;175;Nej
103000;Råda;59.9911;13.5948;125;Nej
103630;Råforsen;60.45;13.7666;315;Nej
171800;Råneå-Flakaberg;66.3615;21.847;220;Nej
73480;Rångedala A;57.7846;13.1642;297.467;Ja
83630;Rånna;58.45;13.8333;125;Nej
98470;Rånäs;59.7833;18.3;20;Nej
146260;Råsele;64.4191;16.812;330;Nej
140490;Röbäcksdalen;63.813;20.2398;10;Ja
162790;Rödkallen A;65.3121;22.3709;1.932;Ja
172840;Rödupp;66.4585;22.7855;55;Ja
62110;Rögle;56.1833;12.8;10;Nej
63140;Röke;56.2393;13.5278;115;Nej
156830;Rönnberga;65.4333;16.7333;540;Nej
81040;Rörastrand;58.0578;11.6454;9.465;Ja
112080;Rörbäcksnäs;61.1269;12.8226;465;Nej
54380;Rörum;55.6333;14.2666;10;Nej
74150;Rörvik D;57.2377;14.5751;215;Ja
98260;Röskär;59.4166;18.1666;15;Nej
63710;Röslöv;56.0166;13.7166;95;Nej
138130;Rössjö;63.2203;18.3119;150;Nej
134150;Rösta;63.2443;14.5535;360;Nej
116230;Röstebo;61.3882;16.4295;115;Nej
191940;Saarikoski D;68.805;21.2529;450;Ja
157750;Sadiliden;65.1698;17.8145;395.417;Ja
171990;Sadjem D;66.9615;21.2324;355;Ja
182810;Saittarova A;67.3363;22.2288;240.652;Ja
182800;Saittarova D;67.3345;22.2433;240;Ja
96550;Sala;59.9036;16.6579;57.575;Ja
96560;Sala A;59.9093;16.6843;56.575;Ja
178680;Saltoluokta;67.3833;18.55;393;Nej
78270;Sanda;57.4254;18.2111;13.795;Ja
76000;Sandbäckshult;56.9835;16.283;37;Nej
54230;Sandhammaren;55.3872;14.1947;4;Nej
98170;Sandhamn D;59.29;18.9146;2.049;Ja
73580;Sandhem;57.9657;13.7804;270;Ja
132450;Sandnäset;63.7542;12.4291;432.177;Nej
72340;Sandsjöbacka;57.5571;12.0387;50;Nej
54390;Sankt Olof;55.6402;14.1273;130;Nej
138080;Sanna;63.1316;18.0733;275;Nej
81380;Sanne;58.6707;11.8739;90;Nej
170920;Sarkavare;66.7373;20.3603;377;Nej
66220;Segerstad;56.3688;16.5412;6.599;Ja
63560;Seglehult;56.9371;13.3393;155;Nej
95200;Sickelsjö;59.329;15.8193;40;Nej
127220;Sidsjö D;62.3806;17.2855;60;Ja
147210;Siksjö;64.3433;17.7866;440;Nej
135380;Sikåskälen;63.6198;15.0929;490;Nej
104530;Siljansfors;60.8846;14.3786;260;Nej
126470;Sillre;62.7717;16.7236;185;Nej
156800;Silverberg;65.3496;16.1107;530;Nej
94510;Silvergruvan;59.8482;14.479;205;Ja
116340;Simeå;61.5706;16.3277;130;Ja
63440;Simlångsdalen;56.7154;13.1247;75;Nej
83050;Simonstorp;58.0788;13.3957;190;Nej
86470;Simonstorp_ö;58.7779;16.1255;65;Nej
53340;Simontorp;55.5833;13.5666;70;Nej
54330;Simrishamn;55.5449;14.3578;8;Nej
63450;Singeshult;56.7429;13.3608;165;Nej
108100;Singö;60.1595;18.7436;12;Nej
64630;Sjöaryd;56.5166;14.75;150;Nej
146500;Sjöberg;64.8273;16.2655;500;Nej
53450;Sjöbo D;55.6405;13.68;35.085;Ja
87590;Sjögärde;58.9748;17.8384;28.984;Ja
73360;Sjölund;57.6;13.9333;274;Nej
73210;Sjötofta D;57.3848;13.2974;170;Ja
139110;Skagsudde;63.1885;19.0194;13;Nej
139120;Skagsudde A;63.1872;19.0199;9.343;Ja
126220;Skallböle;62.3642;16.966;60;Nej
154840;Skalmodalen;65.4485;14.5157;440;Nej
137640;Skalmsjö;63.5166;17.7666;170;Nej
83270;Skara;58.4072;13.4407;115;Ja
83620;Skara;58.4;13.45;116;Nej
83240;Skara-Ekeberg;58.4;13.55;130;Nej
83200;Skara-Stenum;58.37;13.52;130;Nej
83260;Skara-Västerskog;58.38;13.33;105;Nej
114120;Skattungbyn D;61.198;14.8656;205.293;Ja
181830;Skaulo;67.4152;21.1195;390;Nej
66500;Skedemosse D;56.807;16.7427;16.312;Ja
63460;Skeen;56.7591;13.6776;135;Nej
150450;Skellefteå;64.7584;20.9478;40;Nej
151380;Skellefteå Flygplats;64.6244;21.0717;48;Ja
73070;Skeppshult D;57.121;13.4028;160.113;Ja
74270;Skillingaryd;57.4302;14.1004;180;Ja
54290;Skillinge A;55.489;14.3144;4.016;Ja
92490;Skillingmark;59.8212;11.9991;130;Nej
95500;Skinnskatteberg;59.8333;15.6833;113;Nej
156920;Skirknäs;65.7474;16.1978;520;Nej
75220;Skirö;57.3666;15.3833;160;Nej
97330;Skjörby;59.5491;17.3667;13.03;Ja
72060;Skogsforsen;57.0944;12.8704;100;Nej
137710;Skorped;63.3833;17.8666;160;Nej
62000;Skromberga;56;12.9833;90;Nej
94230;Skråmforsen;59.3785;14.6119;125;Nej
171930;Skröven D;66.7757;21.8444;150;Ja
96440;Skultuna;59.7134;16.4325;40.659;Ja
53280;Skurup D;55.4405;13.4796;35;Nej
85640;Skärblacka;58.5666;15.9;30;Nej
85280;Skärkind D;58.4855;16.002;49;Nej
134440;Skärvången D;63.7506;14.2938;398;Nej
124390;Skålan;62.65;14.1666;452;Nej
63230;Skånes Fagerhult;56.3666;13.4666;118;Nej
96050;Sköldinge;59.0578;16.4027;31.614;Ja
95090;Sköllersta;59.1441;15.2775;50;Nej
83230;Skövde;58.3949;13.8436;150;Ja
158880;Slagnäs;65.597;18.1795;425;Nej
126240;Slättån;62.3846;16.5507;88.995;Ja
156930;Slätvik;65.7833;16.05;490;Nej
53200;Smygehuk;55.3376;13.3563;5;Nej
73100;Smålandsstenar;57.1666;13.4166;140;Nej
81220;Smögen;58.3571;11.2276;20;Nej
84580;Snavlunda D;58.948;14.9056;135;Nej
104310;Snöåby;60.5227;14.4594;230;Nej
137470;Solberg;63.787;17.6517;360;Nej
71570;Solberga;57.9525;11.8155;20;Nej
137100;Sollefteå;63.1748;17.2314;20;Ja
104560;Sollerön;60.938;14.5908;164;Nej
106060;Sonnbo;60.1197;16.2838;89;Nej
157860;Sorsele;65.5354;17.5225;360;Nej
95340;Spannarboda D;59.5801;15.502;67;Ja
74340;Spinkabo;57.5653;14.4693;285;Nej
88580;Stabbo;58.9733;18.4493;7;Nej
53720;Staffanstorp;55.65;13.2166;20;Nej
145570;Stalon II;64.9451;15.8364;365;Nej
98160;Stavsnäs A;59.2996;18.7047;16;Nej
86270;Stegeborg;58.4333;16.6;10;Nej
53540;Stehag;55.8814;13.4395;89.355;Ja
150120;Stenfors;64.1909;20.2977;155;Nej
96210;Stenkvista;59.3221;16.5577;45;Nej
157720;Stensele;65.0706;17.1536;325;Nej
54400;Stenshuvud;55.6646;14.2595;112;Nej
136160;Stensjö;63.2669;16.4446;430;Nej
78360;Stenstugu Försöksgård;57.5979;18.4507;45;Nej
169020;Stenträsk;66.3166;19.8333;410;Nej
167860;Stenudden;66.5343;17.6677;453;Nej
54340;Stiby;55.563;14.1884;71.164;Ja
95510;Stjärnfors;59.8333;15.0166;150;Nej
106270;Stjärnsund;60.4551;16.2662;130;Nej
98210;Stockholm;59.3417;18.0549;43.133;Ja
97200;Stockholm-Bromma;59.3537;17.9513;14;Ja
144510;Stora Blåsjön;64.8176;14.1528;485;Nej
74620;Stora Hyltan;57.2;14.25;245;Nej
77180;Stora Karlsö;57.2893;17.9623;40;Nej
73090;Stora Segerstad;57.1461;13.5609;180;Nej
178860;Stora Sjöfallet A;67.4948;18.2907;426.536;Ja
105250;Stora Skedvi;60.4101;15.7433;103.202;Ja
105220;Stora Spånsberget A;60.3817;15.1374;492.257;Ja
96630;Stora Sundby;59.2666;16.1333;25;Nej
96620;Stora Sundby-Alberga;59.2666;16.1166;30;Nej
87510;Stora Uttervik;58.85;17.55;10;Nej
158850;Storberg;65.5085;18.9505;453;Nej
171940;Storberget;66.7714;21.7652;330;Nej
112230;Storbron;61.3868;12.8585;540;Ja
112410;Storbäcken;61.6833;12.6;675;Nej
127320;Stordalen-Midlanda D;62.5461;17.4178;3.232;Ja
136360;Storfinnforsen;63.595;16.1846;232;Nej
113610;Storfjället-Sälen;61.1666;13.1166;770;Nej
94320;Storfors D;59.5271;14.276;135;Nej
117610;Storjungfrun;61.1666;17.3333;10;Nej
149570;Storliden;64.95;19.4833;390;Nej
132620;Storlien;63.3158;12.1009;595;Nej
132180;Storlien-Storvallen;63.2826;12.1218;583.124;Ja
132170;Storlien-Storvallen A;63.2826;12.1218;583.124;Ja
98140;Stormyra;59.2024;18.3272;15.646;Ja
140510;Stornorrfors;63.85;20.05;95;Nej
123480;Storsjö Kapell;62.8016;13.0731;580;Nej
163920;Storöhamn;65.7306;23.0924;7;Nej
144710;Storön;64.6333;14.1166;350;Nej
163900;Storön A;65.6972;23.0959;2.394;Ja
139710;Strand;63.8666;19.9;85;Nej
74650;Strandvallen;57.85;14.2833;110;Nej
97270;Strängnäs;59.402;17.0605;25;Nej
96240;Strängnäs-Vansö;59.3957;16.9345;14.619;Ja
96030;Strängstorp;59.05;16.2166;62;Nej
116580;Strömbacka;61.9572;16.7138;170;Nej
107240;Strömsberg;60.4;17.5833;25;Nej
63330;Strömsnäsbruk D;56.5583;13.7372;115;Nej
81560;Strömstad;58.9333;11.2;20;Nej
135520;Strömsund;63.8548;15.5894;373;Nej
135550;Strömsund-Edet D;63.9145;15.3148;301.5;Ja
85190;Sturefors;58.3159;15.7144;85;Nej
53300;Sturup;55.539;13.3665;72;Nej
94580;Ställdalen;59.9382;14.8884;247.176;Ja
94660;Stångfallet;59.95;14.8833;230;Nej
65370;Stångsmåla D;56.6103;15.1354;136.818;Ja
103260;Stöllet D;60.411;13.2693;145;Ja
92260;Stömne;59.436;12.7631;70;Nej
159970;Suddesjaur;65.8952;19.0929;342;Nej
192760;Suddjavaara;68.2048;22.7609;350;Nej
170790;Sudok;66.3006;20.424;170;Nej
96410;Sundby;59.6962;16.6606;35;Nej
161680;Sunderbyn;65.7;21.85;20;Nej
136640;Sundmo;63.5;16.7;200;Nej
127240;Sundsvall;62.4066;17.2664;35;Nej
127310;Sundsvalls Flygplats;62.5246;17.441;4;Ja
93520;Sunne A;59.8639;13.1166;108.947;Ja
74570;Sunneränga;57.7936;14.8729;190;Ja
96430;Surahammar;59.701;16.2202;55;Nej
93340;Suttertjärn;59.5956;13.9525;170;Nej
115050;Svabensverk;61.0442;15.7921;240;Nej
53560;Svalöv;55.9315;13.0545;70;Nej
98490;Svanberga A;59.8317;18.6313;14.821;Ja
92120;Svaneholm D;59.1744;12.501;200;Ja
173890;Svanstein;66.6528;23.8556;83.328;Ja
181890;Svappavaara;67.6536;21.0525;345;Ja
167790;Svartberget D;66.3239;17.321;430;Ja
81340;Svarteborg;58.5707;11.5572;70;Nej
66460;Svartingstorp;56.786;16.3296;20;Nej
97220;Svartsjö;59.3628;17.722;10;Nej
94070;Svartå;59.126;14.5278;90;Nej
135020;Svedjelandet;63.0394;15.8421;369.34;Ja
124030;Sveg A;62.0462;14.4069;357.187;Ja
124020;Sveg-Eggarna;62.0141;14.2993;360;Ja
92200;Svensbyn D;59.3252;12.3087;125;Nej
99270;Svenska Högarna;59.4445;19.5059;12;Ja
99280;Svenska Högarna A;59.4423;19.5022;11.811;Ja
75450;Svinhult D;57.7469;15.388;289.721;Ja
85200;Sya;58.325;15.2247;110;Ja
140200;Sydostbrotten;63.3806;20.0993;24;Nej
81010;Säby;58.0201;11.6015;10;Nej
52660;Säbyholm;55.9;12.8333;10;Nej
92100;Säffle;59.1407;12.9336;52.926;Ja
113100;Sälen;61.1691;13.2593;360;Nej
126080;Sänningstjärn D;62.1368;16.8643;245.703;Nej
113410;Särna D;61.6912;13.1866;425;Ja
123370;Särvsjö D;62.6309;13.1618;640;Nej
105210;Säter D;60.3438;15.7611;180;Nej
72540;Sätila;57.5468;12.4379;64.507;Ja
97320;Sätra Gård;59.5339;17.8446;15;Nej
97250;Sättra;59.4115;17.4754;25;Nej
71470;Säve;57.7786;11.8824;20;Nej
71500;Säve-Skålvisered;57.8305;11.92;20;Nej
94530;Sävenfors;59.882;14.5408;200;Nej
74250;Sävsjö;57.3813;14.6579;220;Ja
104150;Sågen D;60.2611;14.1342;264.169;Ja
105410;Sågmyra;60.7004;15.3263;257;Nej
82260;Såtenäs;58.4358;12.7075;54;Ja
82250;Såtenäs D;58.4397;12.6928;55;Nej
116170;Söderala D;61.295;16.9548;29;Ja
99450;Söderarm A;59.7531;19.4054;14.006;Ja
108180;Söderby-Karlsäng D;60.2922;18.4475;6.578;Ja
105040;Söderbärke D;60.064;15.571;121.604;Ja
117170;Söderhamn;61.3198;17.0967;10;Nej
117160;Söderhamn;61.2691;17.0983;26;Nej
86290;Söderköping D;58.5018;16.2834;46;Ja
138450;Södersel D;63.7462;18.1647;386.446;Ja
97120;Södertälje;59.182;17.6186;40;Nej
54460;Södra Lökaröd;55.7743;14.0913;113;Nej
75430;Södra Vi D;57.7172;15.7063;173.568;Ja
92290;Sölje D;59.4846;12.6959;70;Ja
64060;Sölvesborg;56.0573;14.5902;5;Nej
83310;Söne;58.5327;12.9925;58;Ja
74030;Söraby;57.0345;14.9446;180;Ja
171720;Sörbyn;66.0515;21.7822;40.956;Nej
84490;Sörbytorp;58.8122;14.6499;187.257;Ja
105490;Sörskog;60.821;15.377;390;Nej
127630;Söråker;62.5166;17.5166;45;Nej
63030;Sösdala;56.0355;13.6939;90;Nej
125460;Sösjö;62.7667;15.4996;430;Nej
149470;Talliden;64.7781;19.3679;372;Ja
172780;Talljärv D;66.2498;22.3044;233.607;Ja
134000;Tandsbyn D;63.0092;14.7184;415;Nej
113110;Tandådalen Aut;61.1766;13.0164;830;Nej
63570;Tannåker;56.9577;13.7741;150;Nej
150020;Tavelsjö D;64.0406;20.0758;115;Ja
137560;Tegelträsk;63.9515;17.904;380;Nej
104100;Telningsberg;60.1829;14.6679;270;Nej
83110;Tidaholm D;58.1806;13.9829;145;Ja
84630;Tidan;58.55;14;90;Nej
73660;Tinghalla;57.9666;13.85;278;Nej
64320;Tingsryd-Degerhaga;56.5375;14.8989;162.965;Ja
155990;Tjulträsk;65.9669;15.955;555;Nej
97650;Tjusta;59.6;17.6333;20;Nej
114710;Tjäderåsen;61.5666;14.5;621;Nej
85440;Tjällmo D;58.7413;15.3704;85.027;Ja
137660;Tjälsbyn;63.85;17.3833;355;Nej
106310;Tjärnäs;60.5129;16.4172;110;Nej
168970;Tjåmotis D;66.9181;18.5363;300;Nej
84530;Tolsgården;58.8833;14.45;230;Nej
53320;Tomelilla;55.5529;13.9452;66.047;Ja
96480;Tomta;59.8;16.55;55;Nej
74300;Tomtabacken A;57.4981;14.4645;355.895;Ja
74140;Toraliden;57.2295;14.7471;260;Nej
85260;Tornby;58.4166;15.6166;40;Nej
189760;Torneträsk;68.2201;19.7123;393;Nej
96720;Torpaslätt;59.4166;16.2;10;Nej
126290;Torpshammar A;62.4943;16.2774;99;Ja
139420;Torrböle D;63.7076;19.5932;75;Ja
103080;Torsby;60.1075;12.9908;127;Nej
71430;Torslanda;57.7166;11.7833;3;Nej
106290;Torsåker D;60.5021;16.4818;76.269;Ja
65250;Torsås;56.4112;15.988;20;Nej
63600;Torup;56.9632;13.0712;85;Nej
63590;Torup A;56.9494;13.0601;132.532;Ja
124430;Tossåsen;62.6967;14.3927;410;Nej
64010;Tosteberga;56.0094;14.4429;10;Nej
97230;Tosterö skola;59.4;17.0333;20;Nej
76380;Tovehult;57.642;16.5682;25;Nej
83400;Traneberg;58.6607;13.1507;50;Ja
73290;Tranhult;57.4882;13.8585;330;Nej
113060;Transtrand D;61.0797;13.3294;335;Nej
98270;Tranvik;59.4507;18.5717;10;Nej
84020;Tranås;58.0389;14.9853;155;Nej
53230;Trelleborg;55.381;13.1279;5;Ja
92540;Treskog;59.8722;12.6195;165;Nej
75620;Trollebo;57.3166;15.3;180;Nej
66180;Trolleboda D;56.3008;16.0355;10;Ja
53510;Trollenäs;55.8666;13.25;55;Nej
82620;Trollhättan;58.3;12.3166;42;Nej
82190;Trollhättans Flygplats;58.3141;12.3292;43;Nej
87540;Trosa;58.9;17.5666;5;Nej
86060;Tryserum D;58.1025;16.7215;20.231;Ja
113230;Trängslet;61.3804;13.7273;425;Ja
144380;Trångmon;64.6315;14.8619;480;Nej
82160;Trökörna;58.2683;12.6526;68.987;Ja
97100;Tullinge A;59.1785;17.9093;44.858;Ja
134190;Tullus D;63.3075;14.3134;344.241;Ja
108610;Tuna;60.0166;18.05;20;Nej
65200;Tvingelshed;56.3227;15.5791;107;Ja
126050;Tvärforsen;62.0852;16.2272;225;Nej
86010;Tyllinge D;58.0201;16.0794;114.949;Ja
127710;Tynderö;62.45;17.6166;50;Nej
104710;Tyngsjö;60.3;13.8833;345;Nej
98150;Tyresö;59.25;18.2833;5;Nej
87490;Tystberga D;58.8236;17.3318;32;Nej
105500;Tänger D;60.8149;15.761;156;Ja
122260;Tännäs A;62.4494;12.6676;723.013;Ja
132710;Tännäs I;62.4333;12.6833;570;Nej
182740;Tärendö D;67.1661;22.6287;165;Ja
155910;Tärnaby;65.7166;15.25;450;Nej
155890;Tärnamo;65.6699;15.1297;420;Nej
106120;Tärnsjö D;60.1321;16.9483;55;Nej
135430;Täxan;63.7195;15.8315;270;Nej
62120;Tånga;56.2013;12.7782;13;Ja
169830;Tårrajaur;66.4329;19.6885;370;Nej
102460;Tåsan;60.7658;12.8493;255;Ja
91330;Töcksfors;59.5029;11.7867;127;Ja
84650;Töreboda;58.7166;14.1333;95;Nej
65140;Törneryd;56.2297;15.0249;15;Nej
84600;Törntorp;58.9849;14.789;175;Nej
72520;Uddabo;57.8701;12.7074;245;Nej
81210;Uddevalla D;58.3681;11.935;77.125;Ja
92570;Uddheden D;59.9437;12.9134;108;Nej
54580;Ugerup;55.9657;14.1168;20;Nej
105620;Ulfshyttan;60.3;15.3833;180;Nej
72090;Ullared A;57.1134;12.7732;122.356;Ja
128590;Ullånger;63.0132;18.188;20;Ja
73470;Ulricehamn;57.8052;13.4083;175;Nej
85070;Ulrika;58.1282;15.4353;180;Nej
135500;Ulriksfors;63.8345;15.6164;285;Nej
97490;Ultuna;59.8139;17.6469;15;Nej
97210;Ulvhäll;59.3619;17.044;5;Nej
147460;Ulvoberg;64.7627;17.2165;520;Nej
114360;Ulvsjö;61.6022;14.1847;585;Nej
126170;Ulvsjön D;62.2708;16.4295;383.38;Ja
140500;Umeå;63.8302;20.2901;10;Nej
140480;Umeå Flygplats;63.7947;20.2918;14;Ja
155980;Umfors;65.9473;15.0362;525;Nej
108170;Understen;60.2761;18.9227;12;Nej
133200;Undersåker;63.3269;13.3826;330;Nej
75310;Ungsberg;57.5102;15.916;158.149;Ja
65020;Ungskär;56.0419;15.8081;2;Nej
114230;Untorp;61.3833;14.4166;430;Nej
107270;Untra;60.4393;17.3409;35;Nej
82060;Uplo;58.1001;12.6568;115;Nej
84030;Uppgränna;58.0671;14.5322;275;Nej
97520;Uppsala;59.8585;17.6252;13;Ja
97510;Uppsala Aut;59.8586;17.6253;13;Ja
97530;Uppsala Flygplats;59.8953;17.5935;21;Ja
64290;Urshult-Kunninge;56.4782;14.8024;145;Nej
64400;Uråsa;56.6833;14.95;167;Nej
55570;Utklippan;55.95;15.7;6;Nej
95640;Uttersberg;59.75;15.6666;95;Nej
107450;Utvalnäs Aut;60.7547;17.3574;5;Nej
88570;Utö;58.9502;18.2669;40;Nej
84710;Vad;58.5666;14.0166;85;Nej
84270;Vadstena D;58.4496;14.889;89.999;Ja
87610;Vagnhärad D;58.9413;17.4614;25.568;Ja
96000;Valla;59.0185;16.3709;50;Nej
133100;Vallbo;63.1557;13.0697;581.099;Ja
98310;Vallentuna;59.5185;18.0792;25.728;Ja
112070;Vallsjön;61.1166;12.8666;470;Nej
144040;Valsjöbyn;64.0656;14.1434;330;Ja
63060;Vanneberga;56.0813;13.9189;35;Nej
72080;Varberg;57.1093;12.2961;33.965;Ja
93240;Varpnäs;59.4041;13.2906;68;Nej
105630;Vassbo;60.5333;15.5333;120;Nej
107010;Vattholma D;60.0289;17.7243;25;Ja
157980;Vaxborg;65.9451;17.4821;430;Nej
72170;Veddige D;57.2616;12.3206;15.074;Ja
145040;Vedjeön;64.063;15.3737;290;Nej
83150;Vedum;58.1535;13.0387;111.368;Ja
73710;Vekafors;57.1;13.7333;165;Nej
53290;Vellinge;55.4714;13.0128;10;Nej
52550;Ven;55.912;12.6823;25;Nej
93630;Viberg;59.5333;13.85;90;Nej
160960;Vidsel;65.8801;20.1315;180;Ja
160970;Vidsel Mo;65.8769;20.1543;182;Ja
105560;Vikarbyn D;60.9189;15.0329;225;Nej
125710;Viken;62.3833;15.1666;264;Nej
137030;Viksbäcken;63.05;17.75;6;Nej
146350;Vilhelmina A;64.5798;16.8386;348.198;Ja
64140;Villands Vånga;56.1803;14.3782;20;Nej
94170;Villingsberg;59.2833;14.7;148;Nej
75400;Vimmerby;57.6687;15.8518;110;Nej
156940;Vindel-Björkheden;65.8211;16.7114;350;Nej
157930;Vindel-Storsjö;65.7666;17.05;345;Nej
149120;Vindeln-Sunnansjönäs;64.1386;19.7618;237;Ja
71380;Vinga A;57.6322;11.6048;18.205;Ja
95030;Vingåker D;59.0199;15.981;37.341;Ja
147710;Vinliden;64.6333;17.8666;480;Nej
63040;Vinslöv D;56.0996;13.9244;25;Nej
94550;Vintersjöhöjden;59.9166;14.35;250;Nej
106500;Vintjärn;60.8321;16.0581;348;Nej
75190;Virserum-Rödmossa;57.293;15.5697;212.619;Ja
78390;Visby D;57.6287;18.2921;42.31;Ja
78400;Visby Flygplats;57.6614;18.3428;42;Ja
84050;Visingsö A;58.0948;14.4058;93.582;Ja
84060;Visingsö D;58.0735;14.3599;110;Nej
126270;Viskan;62.4556;16.4291;70;Nej
65310;Vissefjärda;56.5124;15.6235;114;Nej
98120;Vissvass;59.2;18.3666;10;Nej
54420;Vitemölla;55.6995;14.204;22;Nej
103210;Vitsand D;60.3252;13.0065;150;Nej
181900;Vittangi;67.6943;21.6335;250;Ja
97540;Vittinge;59.9;17.023;53.613;Ja
53410;Vomb;55.6616;13.5323;25;Ja
86520;Vrena;58.8736;16.6813;30.847;Ja
63430;Vrå D;56.7361;13.454;150;Nej
171830;Vuoddas;66.4083;21.7789;200;Nej
166870;Vuoggatjålme;66.5759;16.3511;500;Nej
170870;Vuollerim;66.4311;20.6022;106;Ja
167850;Vuonatjviken;66.4934;17.2461;520;Nej
64640;Väckelsång;56.65;14.9166;155;Nej
98590;Väddö;59.9833;18.8166;10;Nej
84190;Väderstad;58.3143;14.9274;120;Nej
81350;Väderöarna Aut;58.576;11.0682;20;Nej
81620;Väderöbod;58.55;11.0333;7;Nej
136190;Vägersjön;63.3159;16.4038;440;Nej
136580;Vällingberget;63.971;16.8034;440;Nej
98570;Vällnora D;59.9563;18.3431;21.723;Ja
82230;Vänersborg;58.3543;12.3585;47.996;Ja
78230;Vänge;57.4349;18.4862;44.385;Ja
139540;Vännäs D;63.9226;19.8144;100;Ja
83300;Väring;58.519;13.9805;80;Nej
83550;Värmlandsnäs-Ekenäs D;58.8973;13.2384;50;Ja
74110;Värnamo;57.1833;14.05;140;Nej
75340;Värne;57.5388;15.1002;200;Ja
107180;Väsby;60.3;17.4333;35;Nej
93210;Väse D;59.3673;13.8529;54.417;Ja
135120;Västanbäck D;63.1988;15.4774;225;Nej
116530;Västansjö D;61.8774;16.535;55;Nej
150270;Västanträsk;64.4502;20.4055;140;Nej
78260;Västergarn;57.4333;18.15;2;Nej
98080;Västerhaninge;59.1106;18.1059;26.493;Ja
126250;Västerlo D;62.4133;16.6573;105;Nej
85270;Västerlösa;58.4447;15.3772;75;Nej
96170;Västermo;59.2747;16.0856;31.786;Ja
83340;Västerplana;58.5586;13.3508;128;Nej
145210;Västertåsjö D;64.3632;15.7037;293;Nej
76470;Västervik;57.7213;16.4683;33;Nej
96350;Västerås;59.5972;16.6001;15.836;Ja
96370;Västerås-Hässlö;59.5888;16.6299;6;Nej
107260;Västland;60.4435;17.6211;23.5;Ja
138070;Västmarkum A;63.1243;18.2518;141.392;Ja
107530;Västra Banken;60.88;17.93;5;Nej
98720;Västra Lagnö;59.5333;18.75;8;Nej
85630;Västra Ny;58.65;15.05;120;Nej
103550;Västra Ärnäs;60.9069;13.3756;355;Nej
95250;Västvalla;59.417;15.6145;15;Ja
64510;Växjö A;56.8463;14.8296;198.861;Ja
64520;Växjö D;56.8809;14.8257;162;Nej
114080;Våmhus D;61.1364;14.42;195;Ja
85350;Vånga D;58.588;15.8142;45;Ja
82020;Vårgårda D;58.024;12.856;137;Ja
82010;Vårgårda-Hägrunga;58.0166;12.8333;148;Nej
73190;Våthultström;57.3166;13.4333;163;Nej
78540;Westö;57.8934;18.7624;20;Nej
97070;Wiad;59.1106;17.7182;22.238;Nej
173900;Ylinenjärvi A;66.6223;23.4635;133.672;Ja
53260;Ystad;55.4325;13.8067;20;Ja
124040;Ytterberg D;62.0673;14.4944;470;Ja
107370;Ytterboda;60.6166;17.45;15;Nej
124110;Ytterhogdal;62.1817;14.9478;263.585;Ja
147020;Ytterrissjö D;64.03;17.7771;369.4;Ja
97290;Ytterselö D;59.4065;17.2739;16.964;Ja
147170;Yxsjö;64.2833;17.5166;350;Nej
85490;Zinkgruvan;58.8061;15.1253;213.468;Ja
84470;Älgarås D;58.7899;14.3164;144.299;Ja
75010;Älghult;57.0141;15.5676;217.586;Ja
75030;Älmeshult;57.0519;15.198;275;Nej
53520;Älmhult;55.8656;13.8741;180;Nej
114140;Älvdalen A;61.2536;14.0355;251.633;Ja
114150;Älvdalen I;61.25;14.0833;255;Nej
114160;Älvdalen II;61.2549;14.0348;250;Nej
107340;Älvkarleby D;60.5646;17.4596;23.193;Ja
161690;Älvsby Skogsskola;65.6833;21.0666;40;Nej
161910;Älvsbyn A;65.6691;21.062;43.384;Ja
62710;Ängelholm;56.25;12.85;10;Nej
172690;Ängeså;66.75;22.3;100;Nej
64550;Åby;56.9152;14.0141;145;Ja
87580;Åda;58.9273;17.5335;7.53;Ja
54720;Åhus;55.9436;14.29;12;Ja
63020;Åkeboda;56.0308;13.9281;95;Nej
97150;Åkers Styckebruk;59.2511;17.0879;20;Nej
83540;Åkershus;58.898;13.2517;50;Nej
127570;Åkroken D;62.9371;17.238;247.005;Ja
86450;Ålberga;58.7462;16.5557;25;Nej
179740;Ålloluokta;67.1261;19.4976;370;Nej
134520;Ålåsen;63.8683;14.6063;450;Nej
73060;Åminne D;57.1232;13.9547;159;Ja
106570;Åmot A;60.9614;16.4279;161.678;Ja
92460;Åmotfors Pappersbruk;59.7666;12.35;85;Nej
106580;Åmotsbruk;60.9645;16.4631;145;Nej
92030;Åmål;59.0542;12.6969;60;Nej
125310;Ånge-Parteboda D;62.5242;15.7685;140.153;Ja
82530;Ånimskog;58.8766;12.5908;56.961;Ja
76520;Åninge;57.8666;16.05;130;Nej
133230;Åre;63.4;13.1;440;Nej
92380;Årjäng;59.3833;12.1389;145.395;Ja
71560;Årsnäs;57.9333;11.7833;5;Nej
83250;Åsaborg;58.4166;13.7666;300;Nej
124400;Åsarna D;62.6594;14.3526;448.047;Ja
75100;Åseda;57.1462;15.3987;230;Nej
147100;Åsele;64.1598;17.3494;318.481;Ja
147090;Åsele A;64.165;17.3153;307.712;Ja
127090;Åsnorrbodarna;62.1482;17.1724;143.475;Ja
62540;Åstrilt;56.8956;12.96;175;Nej
149370;Åsträsk D;64.6139;19.9778;260;Nej
94050;Åtorp;59.0966;14.3678;105;Ja
85130;Åtvidaberg;58.2022;16.006;100;Nej
82650;Ödebyn;58.7833;12.1833;150;Nej
84140;Ödeshög D;58.2546;14.653;120.381;Ja
72510;Öjared;57.8453;12.3838;75;Nej
103490;Öje D;60.8093;13.8607;297.845;Nej
85220;Öjebro;58.3833;15.2;85;Nej
161800;Öjebyn;65.3566;21.389;5;Nej
87550;Ökna Lantbruksskola;58.8901;17.1569;20;Nej
77220;Ölands norra udde;57.3665;17.0976;2.039;Ja
77210;Ölands norra udde A;57.3671;17.0954;2.762;Ja
66040;Ölands södra grund;56.0699;16.6799;23;Nej
66120;Ölands södra udde;56.1957;16.401;3;Nej
66110;Ölands södra udde A;56.1977;16.4005;1.53;Ja
66630;Ölvingstorp;56.6166;16.1166;15;Nej
95240;Ön;59.4028;15.1899;49.931;Ja
66160;Öningaryd;56.3315;16.0241;12;Ja
126430;Öraåtjärnarna D;62.7155;16.1736;343.002;Ja
72290;Örby;57.4833;12.7;90;Nej
95130;Örebro A;59.2289;15.0455;53;Nej
95160;Örebro D;59.2584;15.2586;31;Ja
108640;Öregrund;60.3333;18.4333;7;Nej
52510;Örja Aut;55.8798;12.8705;11;Nej
63170;Örkelljunga;56.2829;13.2958;76.944;Ja
138180;Örnsköldsvik;63.3028;18.7254;25;Ja
138240;Örnsköldsviks Flygplats;63.4116;18.9973;103;Nej
108320;Örskär A;60.5256;18.3729;6.539;Ja
53470;Örtofta;55.7833;13.25;20;Nej
149080;Örträsk;64.1337;18.9892;213;Nej
115100;Östanvik;61.1676;15.2187;231.016;Ja
98330;Östanå;59.5544;18.5766;10;Nej
97410;Österby;59.6563;17.6469;15;Nej
106180;Österfärnebo;60.3048;16.805;75;Ja
78280;Östergarnsholm A;57.4408;18.9839;8.127;Ja
99710;Östernäs;59.7166;19;10;Nej
134100;Östersund;63.1736;14.6786;345;Nej
107100;Östervåla D;60.135;17.148;49.052;Ja
98300;Österåker;59.4897;18.2937;15;Nej
108150;Östhammar;60.26;18.3696;5;Nej
102190;Östmark-Lämbacken;60.306;12.6977;160;Nej
102200;Östmark-Rännberg;60.3328;12.6775;198;Nej
102210;Östmark-Röjdåsen;60.3548;12.6491;308;Nej
102170;Östmark-Åsarna;60.2788;12.8538;135;Ja
86320;Östra Husby D;58.5373;16.5655;35;Ja
93440;Östra Ämtervik;59.7406;13.2136;80;Ja
172790;Överkalix-Svartbyn;66.2646;22.8365;46;Nej
172770;Överkalix-Svartbyn A;66.2618;22.8427;61.024;Ja
173810;Övertorneå;66.386;23.6155;59.508;Ja
76590;Överum;57.9912;16.3059;30;Nej
133470;Överäng;63.7788;13.0734;450;Nej
191730;Övre Soppero;68.0916;21.7003;365;Ja
171700;Övre Svartlå D;66.0213;21.1727;60;Nej